0,270,274,274,276,0
0.5,269.998770237342,275.224820191115,270.403896556773,275.853691832858,3
1,269.998292979591,276.397531209416,269.604480425889,275.441230494644,3
1.5,269.998535625662,277.545662050824,269.184180598059,274.999009458832,3
2,269.999482491886,278.673144969638,268.819451944568,274.558584865002,3
2.5,270.001120320319,279.780790977003,268.466667146522,274.124105571554,3
3,270.003436361699,280.868988645769,268.119865235779,273.696033018442,3
3.5,270.006418115841,281.938065840978,267.778166117039,273.274332979889,3
4,270.010053294178,282.98833839861,267.441377311803,272.858905970533,3
4.5,270.0143298122,284.020116709402,267.10940066545,272.449645353236,3
5,270.019235785941,285.033706632919,266.78215208475,272.04644517069,3
5.5,270.024759529033,286.029409647889,266.459550644104,271.649201177788,3
6,270.030889549847,287.007522900528,266.141517085429,271.257810953518,3
6.5,270.037614548671,287.968339240189,265.827973592262,270.872173888446,3
7,270.044923414916,288.912147254327,265.518843737308,270.492191155743,3
7.5,270.052805224336,289.839231304322,265.214052453963,270.117765680399,3
8,270.061249236282,290.749871562304,264.913526011503,269.748802108635,3
8.5,270.070244890975,290.383717988465,269.249803712932,269.385206777752,0
9,270.07900836326,290.052586682788,270.003700818782,269.384342294646,0
9.5,270.087561334984,289.732002014004,270.171688561449,269.441715793708,0
10,270.095910453087,289.41783015191,270.243429535972,269.507610720992,0
10.5,270.104059822682,289.109311724502,270.298756107863,269.573941087599,0
11,270.112013079549,288.806240502109,270.350688501182,269.639406648021,0
11.5,270.119773729899,288.508501969919,270.401360594931,269.703812439956,0
12,270.127345206756,288.21599804758,270.451132525181,269.767143241933,0
12.5,270.134730880097,287.92863479013,270.500075259442,269.829412798869,0
13,270.141934059446,287.64632035564,270.548212436904,269.89063926774,0
13.5,270.148957995212,287.368964646644,270.595559765324,269.950841224224,0
14,270.155805879808,287.096479224889,270.642131442085,270.010037018297,0
14.5,270.162480848721,288.098995375755,265.856495107419,270.068244675161,3
15,270.169765310192,289.042253802027,264.941099443422,269.752685118136,3
15.5,270.177622396743,288.704897689922,269.205027482143,269.390916830054,0
16,270.185265921432,288.4016262983,269.943859317045,269.38615544475,0
16.5,270.192716975353,288.108333552082,270.106317858239,269.438771209957,0
17,270.199981841918,287.820955880272,270.174162948324,269.49985000613,0
17.5,270.207064306122,287.538752994339,270.225924005644,269.561436391744,0
18,270.213967695602,287.261529108967,270.274405729882,269.622250028526,0
18.5,270.220695215089,286.989178586251,270.321705424452,269.682097690661,0
19,270.227250001824,286.721611826678,270.368176097027,269.740962936575,0
19.5,270.23363513545,286.458743166163,270.413886448022,269.798857835486,0
20,270.23985364048,286.200488878766,270.458858669432,269.855798823434,0
20.5,270.245908487527,285.946766826599,270.503107177369,269.911802776693,0
21,270.251802594328,285.697496378607,270.546644923601,269.9668863777,0
21.5,270.257538826706,285.452598373633,270.589484427148,270.021066017074,0
22,270.263119999523,286.479798054283,265.786122259328,270.074357782804,3
22.5,270.26932672446,287.447197411635,264.865090324939,269.752895080308,3
23,270.276121787612,287.136000342065,269.136670889435,269.385245640476,0
23.5,270.282720227002,286.85852109149,269.873779721497,269.375648764946,0
24,270.289142894479,286.590578145521,270.033121062757,269.423670349019,0
24.5,270.295395788123,286.328102847615,270.097693386771,269.480270019393,0
25,270.301482404713,286.070361059062,270.146215631674,269.537471425941,0
25.5,270.307405787681,285.81716475923,270.191520505098,269.593989563509,0
26,270.313168862555,285.56841619403,270.235708539641,269.649629061717,0
26.5,270.318774492442,285.324033538488,270.279132193697,269.704371749576,0
27,270.32422548785,285.08393876115,270.321859060044,269.758228058358,0
27.5,270.329524609061,284.848055624328,270.363910157477,269.811212827468,0
28,270.334674567275,284.616309336096,270.405298738293,269.863341369592,0
28.5,270.339678025535,284.388626471822,270.446036610896,269.9146288348,0
29,270.344537599608,284.164934940036,270.486135172671,269.965090111723,0
29.5,270.349255858842,283.945163955949,270.525605581516,270.014739816066,0
30,270.353835327005,284.994782403993,265.706441251358,270.063592293264,3
30.5,270.359054940566,285.984115398158,264.780359454666,269.736814591243,3
31,270.364877175677,285.69675657343,269.0586576888,269.363871871874,0
31.5,270.370518226889,285.442778800286,269.794186800601,269.349909744293,0
32,270.375998726536,285.197934997303,269.950711705275,269.393782045707,0
32.5,270.381324413138,284.958152309214,270.012330040201,269.446336261594,0
33,270.386498521554,284.722702218676,270.057929494166,269.499577392122,0
33.5,270.391523836961,284.491403737141,270.100367802828,269.552216246769,0
34,270.396403031162,284.264166243845,270.141748392468,269.604055524896,0
34.5,270.401138718128,284.040914948089,270.182423225099,269.655075497934,0
35,270.405733463752,283.821578725029,270.222458893558,269.705285121826,0
35.5,270.410189788147,283.606088113749,270.261875356993,269.754697797678,0
36,270.414510166695,283.394374971149,270.300684816271,269.80332742944,0
36.5,270.418697030902,283.186372395924,270.33889804665,269.851187786346,0
37,270.422752769191,282.982014696924,270.376525431867,269.898292403348,0
37.5,270.426679727683,282.781237369133,270.413577135509,269.944654569033,0
38,270.430480210958,282.583977071252,270.450063131865,269.990287327708,0
38.5,270.434156482806,282.390171603917,270.48599321386,270.035203483696,0
39,270.43771076696,283.463021047743,265.649623449207,270.079415605923,3
39.5,270.441920308101,284.475071626821,264.718140277731,269.747029122889,3
40,270.446747254657,284.212337692152,269.004013399252,269.368494957695,0
40.5,270.451408958937,283.982645508796,269.737952822854,269.349958632564,0
41,270.455925831781,283.761673725877,269.891523162543,269.389488108635,0
41.5,270.460303344828,283.545344080734,269.950032167027,269.437807649093,0
42,270.464544462962,283.332933657192,269.992552650252,269.486901941752,0
42.5,270.468651705043,283.124268658635,270.031969745812,269.535477340214,0
43,270.472627481198,282.919265782599,270.070390092213,269.58333454688,0
43.5,270.476474148422,282.717857459213,270.108165176881,269.630452238639,0
44,270.480194020283,282.519979654826,270.145360572424,269.676837863684,0
44.5,270.483789369126,282.325569867416,270.181995152474,269.722503353351,0
45,270.487262427045,282.134566782294,270.21808004012,269.767461171813,0
45.5,270.490615386646,281.946910198557,270.25362495137,269.811723676805,0
46,270.493850401766,281.762540999968,270.28863923053,269.855303019292,0
46.5,270.496969588166,281.581401133409,270.323132021429,269.898211130791,0
47,270.499975024221,281.403433588899,270.357112297915,269.940459724886,0
47.5,270.502868751584,281.228582380193,270.3905888714,269.98206030098,0
48,270.505652775853,281.056792525785,270.423570394616,270.023024148342,0
48.5,270.50832906721,282.149237025437,265.573330450098,270.06336235012,3
49,270.511673373305,283.180462670178,264.637428570829,269.726331550059,3
49.5,270.515647574137,282.938625647855,268.929192686163,269.343171578596,0
50,270.519470067912,282.729536419862,269.661752895812,269.32082202693,0
50.5,270.523161073803,282.528816797958,269.812857263281,269.356726991403,0
51,270.526725837065,282.332384840657,269.868778483512,269.401512274254,0
51.5,270.530167094127,282.139522479757,269.908737918213,269.447146178749,0
52,270.533487138564,281.950061995354,269.945642817803,269.492331404093,0
52.5,270.536688159129,281.763926252315,269.981602410671,269.536866987676,0
53,270.539772295417,281.581053764313,270.01696777328,269.58073027008,0
53.5,270.542741647505,281.401386472401,270.05180361922,269.623927434911,0
54,270.545598278092,281.224867738445,270.086127908983,269.666469180511,0
54.5,270.548344213401,281.051442002378,270.119950858918,269.708366763031,0
55,270.550981443867,280.881054710701,270.153281293741,269.749631355718,0
55.5,270.55351192479,280.713652289453,270.186127683018,269.790273947955,0
56,270.555937576962,280.549182124729,270.218498312282,269.830305332083,0
56.5,270.558260287285,280.387592544718,270.250401313228,269.869736104456,0
57,270.560481909379,280.22883280227,270.28184467095,269.908576668735,0
57.5,270.562604264176,280.07285305784,270.312836227374,269.946837239498,0
58,270.564629140504,279.919604362764,270.343383684042,269.984527845818,0
58.5,270.566558295661,279.76903864286,270.373494604736,270.021658334796,0
59,270.568393455977,280.880391018386,265.509490116518,270.058238375014,3
59.5,270.570908936488,281.930115267243,264.56924603986,269.716678208255,3
60,270.574066355721,281.708421917917,268.866965977269,269.32900438752,0
60.5,270.577085111056,281.51919694248,269.598213565984,269.302949903256,0
61,270.57998523932,281.338004620494,269.746918799082,269.335335406695,0
61.5,270.582771768274,281.160758997456,269.800317665153,269.37668850905,0
62,270.585447214572,280.986746575232,269.837779596332,269.418961250556,0
62.5,270.588013655003,280.81580544545,269.872233876768,269.460852751298,0
63,270.590473065278,280.64786438171,269.90579233954,269.502160446699,0
63.5,270.592827375754,280.482867728289,269.938805685951,269.542860400338,0
64,270.595078481023,280.320763153437,269.971337810025,269.58295758871,0
64.5,270.597228241984,280.161499640703,270.003405798578,269.622461533235,0
65,270.599278486676,280.005027147601,270.03501899999,269.661382336821,0
65.5,270.601231010904,279.85129653605,270.066185385635,269.699730041757,0
66,270.603087578821,279.700259547315,270.09691258747,269.737514528158,0
66.5,270.604849923491,279.551868784476,270.127208069045,269.77474550032,0
67,270.60651974745,279.406077696366,270.157079155436,269.811432487342,0
67.5,270.608098723243,279.262840562012,270.18653304017,269.847584845994,0
68,270.609588493967,279.122112475406,270.215576788369,269.88321176391,0
68.5,270.610990673785,278.983849330575,270.244217339243,269.918322262767,0
69,270.612306848452,278.848007806928,270.272461508432,269.952925201416,0
69.5,270.613538575812,278.714545354899,270.300315990287,269.987029278952,0
70,270.614687386299,278.583420181857,270.327787360108,270.020643037713,0
70.5,270.615754783425,279.712078465135,265.451064512528,270.053774866237,3
71,270.617513762004,280.778734160539,264.506819822252,269.708052017276,3
71.5,270.619925701334,280.57549427582,268.810061870073,269.316229007922,0
72,270.622210923336,280.404468053874,269.540108873108,269.286772562336,0
72.5,270.624389298563,280.241166593186,269.686607601151,269.315926771367,0
73,270.62646565601,280.081500151932,269.737685266363,269.354128419731,0
73.5,270.628442311411,279.92475937219,269.772848368371,269.393314518196,0
74,270.630321143338,279.770787634653,269.805046611318,269.432180896826,0
74.5,270.6321039327,279.61951909394,269.836394257685,269.470523531278,0
75,270.633792418512,279.470903405245,269.867241677166,269.508317325806,0
75.5,270.635388307446,279.324893454225,269.897652019812,269.545566161719,0
76,270.636893275837,279.1814433463,269.927641577872,269.582278492611,0
76.5,270.638308970458,279.040508066591,269.957218910041,269.618463374904,0
77,270.639637009082,278.902043412078,269.986391211187,269.654129824464,0
77.5,270.640878981008,278.766005968325,270.01516535097,269.689286714506,0
78,270.642036447566,278.632353093689,270.043548044772,269.723942761547,0
78.5,270.643110942616,278.501042904973,270.071545883384,269.758106525623,0
79,270.644103973036,278.37203426355,270.099165339665,269.79178641279,0
79.5,270.645017019199,278.245286761773,270.126412771425,269.824990677942,0
80,270.645851535447,278.120760709652,270.153294423651,269.857727427634,0
80.5,270.646608950554,277.998417121789,270.179816430598,269.890004622857,0
81,270.647290668175,277.878217704556,270.205984817821,269.921830081759,0
81.5,270.647898067294,277.760124843519,270.23180550417,269.953211482314,0
82,270.648432502662,277.644101591101,270.257284303739,269.98415636494,0
82.5,270.648895305227,277.530111654479,270.282426927783,270.01467213506,0
83,270.649287782552,278.67399487426,265.394534660187,270.044766065615,3
83.5,270.65038174812,279.755548294625,264.446770247604,269.695378607678,3
84,270.652138372136,279.568578290128,268.754831787943,269.299903038915,0
84.5,270.653778810233,279.413597121285,269.483812464727,269.267448608809,0
85,270.655322786207,279.266069732343,269.628362729463,269.293754592799,0
85.5,270.656774954099,279.12190312519,269.677391173542,269.329178118398,0
86,270.658137452837,278.980391580227,269.710524694208,269.365642996082,0
86.5,270.659411986567,278.84138311656,269.740730972729,269.401842167234,0
87,270.660600164762,278.704816607334,269.770126420404,269.437570329537,0
87.5,270.661703558045,278.570646365179,269.799061120935,269.472801373982,0
88,270.662723707688,278.438829851649,269.827597573636,269.507538224976,0
88.5,270.663662127574,278.309325664754,269.855751374917,269.541788403059,0
89,270.664520304917,278.18209319997,269.883530391692,269.575560050128,0
89.5,270.665299700771,278.057092583905,269.910941138482,269.608861284923,0
90,270.6660017505,277.934284652548,269.937989816969,269.641700100479,0
90.5,270.66662786424,277.813630936995,269.96468248686,269.674084349709,0
91,270.667179427339,277.695093650586,269.991025095362,269.706021745299,0
91.5,270.667657800804,277.578635676477,270.017023483616,269.737519861877,0
92,270.668064321726,277.464220555476,270.042683389346,269.768586138516,0
92.5,270.668400303708,277.351812474118,270.068010448863,269.799227881246,0
93,270.668667037277,277.24137625296,270.093010198936,269.829452265528,0
93.5,270.668865790296,277.132877335103,270.117688078612,269.859266338674,0
94,270.668997808364,277.026281774922,270.14204943099,269.888677022231,0
94.5,270.669064315205,276.921556227022,270.166099504977,269.917691114307,0
95,270.669066513064,276.818667935384,270.189843456993,269.94631529186,0
95.5,270.669005583076,276.717584722732,270.213286352654,269.974556112937,0
96,270.668882685647,276.618274980085,270.236433168424,270.002420018871,0
96.5,270.668698960817,277.77516689448,265.339072918888,270.029913336437,3
97,270.669225188577,278.869452356198,264.388309613531,269.67739599336,3
97.5,270.670422362279,278.696426341938,268.700404120315,269.27880138998,0
98,270.671512374173,278.555195525601,269.428457418585,269.243780517703,0
98.5,270.67251482169,278.421186508432,269.571335302715,269.267647139799,0
99,270.673434209088,278.290303665323,269.618606301032,269.300691063305,0
99.5,270.674272524024,278.161844400772,269.649999274822,269.334824909743,0
100,270.675031321418,278.035660692465,269.678497175947,269.368739165142,0
100.5,270.675712064071,277.911695438156,269.706218247975,269.402227440153,0
101,270.676316178522,277.789906922984,269.733512332677,269.435262764252,0
101.5,270.676845064521,277.670256511788,269.760441375446,269.467847248338,0
102,270.677300096943,277.552706635148,269.787020379888,269.499987619673,0
102.5,270.677682626456,277.437220451312,269.813256623415,269.531691242524,0
103,270.677993979995,277.323761781117,269.839156040709,269.562965472711,0
103.5,270.678235461186,277.212295087537,269.864724264087,269.59381755465,0
104,270.678408350756,277.102785462673,269.889966794319,269.624254606647,0
104.5,270.678513906944,276.995198616149,269.91488902993,269.654283620509,0
105,270.678553365894,276.889500863905,269.939496273434,269.683911463444,0
105.5,270.678527942049,276.785659117235,269.963793733798,269.713144880297,0
106,270.67843882853,276.683640872034,269.987786528251,269.741990495802,0
106.5,270.678287197517,276.583414198252,270.011479683977,269.770454816801,0
107,270.678074200618,276.484947729539,270.034878139745,269.798544234421,0
107.5,270.67780096923,276.38821065309,270.057986747515,269.826265026206,0
108,270.677468614896,276.293172699672,270.080810274013,269.853623358209,0
108.5,270.677078229657,276.199804133852,270.103353402268,269.88062528705,0
109,270.676630886393,276.108075744385,270.125620733131,269.907276761922,0
109.5,270.676127639165,276.017958834806,270.147616786757,269.933583626566,0
110,270.675569523541,275.929425214176,270.169346004065,269.959551621209,0
110.5,270.674957556925,275.842447188012,270.190812748165,269.985186384458,0
111,270.674292738879,275.756997549385,270.21202130576,270.010493455166,0
111.5,270.673576051432,276.926217738482,265.305071029892,270.035478274251,3
112,270.673577327229,278.032560473324,264.351330797885,269.679906614068,3
112.5,270.674257386631,277.872690981332,268.667686895307,269.278264390214,0
113,270.674838789746,277.744439827127,269.394885254348,269.240760603359,0
113.5,270.675341018368,277.62319254624,269.536141582384,269.262270515744,0
114,270.675768436017,277.504850259655,269.581701717538,269.293015013879,0
114.5,270.676122887733,277.38871319108,269.611398569676,269.324895394618,0
115,270.67640578767,277.274637023604,269.638230604621,269.356599724271,0
115.5,270.676618460252,277.162568438044,269.66431794863,269.387920578115,0
116,270.67676219608,277.052469456214,269.690010237624,269.418830175655,0
116.5,270.676838261372,276.944305115185,269.715368899106,269.449329864631,0
117,270.676847899832,276.838041451618,269.740408379773,269.479425628244,0
117.5,270.676792333286,276.733645164494,269.765135402869,269.509124101325,0
118,270.676672762102,276.631083551198,269.789555357909,269.538431923951,0
118.5,270.676490365579,276.530324488263,269.813673341827,269.567355638128,0
119,270.676246302318,276.431336419555,269.837494329763,269.595901672806,0
119.5,270.675941710587,276.33408834582,269.861023204196,269.624076343233,0
120,270.675577708682,276.238549814623,269.884264761006,269.651885852604,0
120.5,270.675155395276,276.144690910501,269.907223711748,269.679336294052,0
121,270.674675849768,276.052482245303,269.929904685301,269.70643365266,0
121.5,270.67414013262,275.96189494872,269.952312229375,269.733183807445,0
122,270.673549285692,275.872900658975,269.974450811983,269.759592533304,0
122.5,270.672904332572,275.785471513707,269.996324822879,269.785665502924,0
123,270.672206278892,275.699580141002,270.017938574968,269.811408288651,0
123.5,270.671456112647,275.61519965061,270.039296305692,269.836826364331,0
124,270.670654804508,275.532303625313,270.060402178387,269.861925107108,0
124.5,270.669803308123,275.450866112456,270.081260283617,269.886709799192,0
125,270.668902560416,275.370861615635,270.101874640484,269.911185629591,0
125.5,270.667953481885,275.29226508654,270.122249197909,269.935357695809,0
126,270.666956976885,275.215051916942,270.142387835891,269.959231005516,0
126.5,270.665913933917,275.13919793084,270.162294366751,269.982810478182,0
127,270.664825225903,275.064679376738,270.181972536334,270.006100946678,0
127.5,270.663691710461,276.243574065092,265.267642704659,270.029107158856,3
128,270.663282443351,277.359382644275,264.311582544492,269.671140621635,3
128.5,270.663558111656,277.209895573225,268.631130745862,269.26710987242,0
129,270.663741832696,277.091885280835,269.35762970279,269.227648731394,0
129.5,270.663852995783,276.980706839803,269.497601688573,269.247298818519,0
130,270.663895853352,276.872259088557,269.541809597844,269.2762283375,0
130.5,270.663872138044,276.765844507219,269.570166138577,269.306329876264,0
131,270.663783153094,276.661321697231,269.595681731229,269.336289623505,0
131.5,270.663630113894,276.558640313933,269.620477956789,269.365899344632,0
132,270.663414203923,276.457765316686,269.644904287775,269.395130624215,0
132.5,270.663136584173,276.358664629557,269.669021744952,269.423984211592,0
133,270.662798394982,276.261307124398,269.692844337571,269.452465506495,0
133.5,270.662400756634,276.165662284206,269.716378353507,269.480580571688,0
134,270.66194476975,276.071700140112,269.739628753919,269.508335485867,0
134.5,270.661431515641,275.979391253062,269.762600215034,269.535736240053,0
135,270.660862056649,275.888706702919,269.785297298916,269.562788722396,0
135.5,270.660237436483,275.799618078919,269.807724482463,269.589498717326,0
136,270.659558680545,275.712097470496,269.829886163338,269.615871907011,0
136.5,270.658826796254,275.626117458304,269.851786662102,269.641913873155,0
137,270.65804277336,275.54165110541,269.873430223727,269.667630098828,0
137.5,270.657207584258,275.458671948658,269.894821018968,269.693025970265,0
138,270.65632218429,275.377153990183,269.915963145708,269.718106778636,0
138.5,270.655387512046,275.297071689089,269.936860630262,269.742877721779,0
139,270.654404489661,275.218399953277,269.957517428668,269.767343905905,0
139.5,270.653374023101,275.141114131429,269.977937427944,269.791510347261,0
140,270.652297002445,275.065190005133,269.998124447332,269.815381973774,0
140.5,270.651174302171,274.990603781157,270.018082239504,269.838963626655,0
141,270.650006781422,274.917332083863,270.037814491765,269.86226006197,0
141.5,270.648795284282,274.845351947765,270.057324827213,269.885275952194,0
142,270.647540640034,274.774640810219,270.076616805895,269.908015887718,0
142.5,270.646243663425,274.705176504248,270.095693925931,269.930484378345,0
143,270.644905154916,274.636937251497,270.114559624621,269.952685854743,0
143.5,270.643525900938,274.569901655323,270.133217279533,269.974624669879,0
144,270.642106674132,274.504048694008,270.151670209563,269.996305100427,0
144.5,270.640648233596,274.439357714089,270.169921675989,270.017731348141,0
145,270.639151325117,275.62698359623,265.248413293409,270.038907541209,3
145.5,270.638384326465,276.751327626138,264.290140692738,269.678698724002,3
146,270.638307799909,276.611167601088,268.612927088334,269.272428529584,0
146.5,270.638145343825,276.502361843045,269.338808142659,269.231151132401,0
147,270.637916267315,276.400234036217,269.47758418691,269.249077860132,0
147.5,270.637624723407,276.300680336066,269.520527739742,269.276325124696,0
148,270.637272343777,276.203005150204,269.547629675988,269.304777053652,0
148.5,270.636860331963,276.107069683443,269.571912069026,269.333118061536,0
149,270.636389805335,276.012826257395,269.595497932992,269.361139176059,0
149.5,270.635861851074,275.920242466552,269.618736611065,269.388811411773,0
150,270.63527753557,275.829288825219,269.641688761437,269.416134982134,0
150.5,270.634637906225,275.739936749218,269.664368001299,269.443114764491,0
151,270.633943992027,275.652158219777,269.686780228061,269.46975630941,0
151.5,270.633196803912,275.565925721313,269.708930018645,269.496065192898,0
152,270.632397335084,275.481212223948,269.730821671879,269.522046912551,0
152.5,270.631546561333,275.397991173428,269.752459379228,269.547706872159,0
153,270.630645441335,275.316236482385,269.773847253699,269.573050380688,0
153.5,270.629694916961,275.235922521945,269.79498933563,269.598082653563,0
154,270.628695913566,275.157024113532,269.815889594717,269.622808814298,0
154.5,270.627649340281,275.079516520814,269.836551931392,269.647233896165,0
155,270.626556090297,275.003375441809,269.856980178087,269.671362843827,0
155.5,270.625417041148,274.928577001133,269.877178100457,269.695200514955,0
156,270.624233054983,274.855097742389,269.897149398572,269.718751681805,0
156.5,270.623004978836,274.782914620698,269.916897708098,269.742021032771,0
157,270.621733644893,274.712004995367,269.936426601443,269.765013173903,0
157.5,270.62041987075,274.64234662269,269.955739588891,269.787732630402,0
158,270.61906445967,274.573917648883,269.97484011971,269.810183848085,0
158.5,270.617668200836,274.506696603148,269.993731583244,269.832371194816,0
159,270.616231869595,274.440662390862,270.012417309981,269.85429896192,0
159.5,270.614756227701,274.375794286892,270.0309005726,269.875971365566,0
160,270.613242023554,274.312071929033,270.049184587007,269.897392548121,0
160.5,270.611689992434,274.249475311563,270.067272513341,269.918566579481,0
161,270.61010085673,274.187984778918,270.085167456967,269.939497458381,0
161.5,270.608475326164,274.127581019481,270.102872469455,269.960189113671,0
162,270.606814098017,274.068245059484,270.120390549531,269.980645405579,0
162.5,270.605117857343,274.009958257024,270.137724644021,270.000870126941,0
163,270.603387277183,275.20317835104,265.212070068364,270.020867004416,3
163.5,270.602390234899,276.333000532494,264.252448667016,269.659250225874,3
164,270.602087218548,276.19893098147,268.576902023991,269.251576969261,0
164.5,270.601702199248,276.096130161525,269.302327803965,269.209133727527,0
165,270.601254430324,275.999906175505,269.440326913235,269.225949715446,0
165.5,270.600747999518,275.90615417785,269.482456431675,269.252112260452,0
166,270.600184472659,275.814179941558,269.508751651412,269.279500613583,0
166.5,270.59956498833,275.723846381603,269.532241378201,269.306798117543,0
167,270.598890600052,275.635107556667,269.555049452848,269.333795330648,0
167.5,270.598162332275,275.547932776061,269.577525122484,269.360462898165,0
168,270.597381189761,275.46229423947,269.599728808369,269.386800685441,0
168.5,270.596548159373,275.378165018023,269.621673872605,269.412813230376,0
169,270.595664210626,275.295518718552,269.643365958592,269.438505750674,0
169.5,270.594730296027,275.214329421903,269.664809393279,269.463883495646,0
170,270.593747351382,275.134571665983,269.686008229942,269.488951642188,0
170.5,270.592716296092,275.056220436212,269.706966418918,269.513715279267,0
171,270.591638033439,274.979251157304,269.727687836426,269.538179406786,0
171.5,270.59051345087,274.903639685388,269.748176290293,269.562348936754,0
172,270.589343420274,274.829362300308,269.768435521883,269.586228694817,0
172.5,270.588128798257,274.756395698062,269.788469207412,269.609823421812,0
173,270.586870426407,274.684716983389,269.80828095913,269.633137775302,0
173.5,270.585569131561,274.614303662487,269.827874326465,269.656176331087,0
174,270.584225726062,274.545133635869,269.847252797151,269.678943584688,0
174.5,270.582841008011,274.47718519134,269.866419798325,269.701443952795,0
175,270.581415761521,274.410436997118,269.885378697613,269.723681774695,0
175.5,270.579950756957,274.344868095067,269.904132804186,269.745661313673,0
176,270.578446751182,274.280457894059,269.922685369811,269.767386758379,0
176.5,270.57690448779,274.217186163461,269.941039589862,269.788862224181,0
177,270.575324697339,274.155033026732,269.959198604333,269.810091754481,0
177.5,270.573708097578,274.093978955145,269.977165498822,269.831079322013,0
178,270.572055393676,274.034004761618,269.994943305494,269.851828830119,0
178.5,270.570367278436,273.975091594661,270.012535004035,269.87234411399,0
179,270.568644432514,273.917220932429,270.029943522583,269.892628941899,0
179.5,270.566887524632,273.860374576885,270.047171738643,269.912687016396,0
180,270.565097211787,273.804534648071,270.064222479986,269.932521975492,0
180.5,270.563274139453,273.74968357848,270.081098525529,269.952137393817,0
181,270.561418941787,273.695804107529,270.097802606204,269.971536783754,0
181.5,270.559532241821,273.642879276137,270.114337405806,269.990723596553,0
182,270.557614651662,273.590892421396,270.13070556183,270.009701223431,0
182.5,270.55566677268,274.789683932962,265.200187190477,270.02847299664,3
183,270.554456031855,275.924950272454,264.239063854527,269.665350641465,3
183.5,270.553942836198,275.796859417348,268.565712059544,269.256172446689,0
184,270.553351481888,275.699960242389,269.290716854204,269.212510101421,0
184.5,270.552701171747,275.609539430229,269.42790226018,269.228168858437,0
185,270.551995929917,275.52149020237,269.469170919611,269.253200954047,0
185.5,270.551237257495,275.435119531132,269.494611125762,269.279479927896,0
186,270.550426229121,275.350291991845,269.517259596386,269.305687942944,0
186.5,270.549563835444,275.266963348365,269.539241158703,269.331615079559,0
187,270.548651039146,275.185104596085,269.560904987645,269.357231618173,0
187.5,270.547688784302,275.104689592307,269.582311274081,269.382537081958,0
188,270.546677998159,275.025693036337,269.60347312948,269.407535675348,0
188.5,270.545619591663,274.948090134054,269.624395947389,269.432232289051,0
189,270.544514459783,274.871856536731,269.645083808838,269.456631851413,0
189.5,270.5433634818,274.796968324597,269.665540525518,269.480739224232,0
190,270.542167521582,274.723401997815,269.685769810516,269.504559187122,0
190.5,270.540927427855,274.651134468763,269.70577530706,269.528096436271,0
191,270.539644034467,274.580143054664,269.725560594166,269.551355585504,0
191.5,270.538318160652,274.510405470363,269.745129188501,269.574341167705,0
192,270.536950611283,274.441899821256,269.764484545607,269.597057636269,0
192.5,270.535542177124,274.374604596342,269.783630061017,269.619509366539,0
193,270.534093635081,274.308498661401,269.802569071325,269.641700657218,0
193.5,270.532605748441,274.243561252305,269.82130485524,269.66363573175,0
194,270.531079267109,274.179771968442,269.839840634615,269.68531873968,0
194.5,270.529514927849,274.117110766262,269.858179575461,269.706753757988,0
195,270.527913454505,274.055557952946,269.876324788939,269.727944792395,0
195.5,270.526275558236,273.995094180186,269.894279332339,269.748895778645,0
196,270.524601937732,273.935700438074,269.912046210033,269.769610583766,0
196.5,270.522893279432,273.877358049115,269.929628374422,269.790093007307,0
197,270.521150257744,273.820048662332,269.947028726849,269.810346782546,0
197.5,270.519373535249,273.763754247491,269.964250118516,269.830375577682,0
198,270.51756376291,273.708457089428,269.981295351364,269.850182997006,0
198.5,270.515721580277,273.654139782471,269.998167178953,269.869772582042,0
199,270.513847615682,273.600785224975,270.014868307316,269.889147812672,0
199.5,270.511942486441,273.548376613949,270.031401395799,269.908312108243,0
200,270.51000679904,273.496897439775,270.047769057894,269.927268828649,0
200.5,270.50804114933,273.446331481037,270.063973862043,269.946021275391,0
201,270.506046122707,273.39666279943,270.080018332437,269.964572692624,0
201.5,270.504022294299,273.347875734766,270.095904949802,269.982926268181,0
202,270.501970229144,273.299954900071,270.111636152159,270.001085134577,0
202.5,270.499890482366,274.502274553233,265.178204014527,270.019052369994,3
203,270.498550148746,275.640993090869,264.216134601979,269.654962918927,3
203.5,270.497909586856,275.516768007669,268.54397161634,269.244819479723,0
204,270.497193344809,275.423681875769,269.268661456343,269.200358327045,0
204.5,270.496420590992,275.337010028375,269.405303811456,269.215255800619,0
205,270.495595308179,275.252644818093,269.446002361265,269.239543632462,0
205.5,270.4947189556,275.169894048437,269.470876693465,269.265091957065,0
206,270.493792566576,275.088623375586,269.492968267314,269.290582210477,0
206.5,270.492817091134,275.008789666129,269.514402504896,269.315804168279,0
207,270.491793452041,274.930365004857,269.535528530435,269.340727875599,0
207.5,270.490722554163,274.853324319961,269.556406385693,269.365352634608,0
208,270.489605286227,274.777643362618,269.577049020161,269.38968243434,0
208.5,270.488442521334,274.703298371785,269.597461665889,269.413721954272,0
209,270.487235117279,274.630266013339,269.617648244924,269.437475915412,0
209.5,270.485983916818,274.558523363987,269.637612412775,269.460948975996,0
210,270.484689747937,274.488047902563,269.657357729133,269.484145715781,0
210.5,270.483353424113,274.418817502652,269.676887686585,269.507070634733,0
211,270.481975744561,274.350810425526,269.696205716203,269.529728154015,0
211.5,270.480557494492,274.284005313246,269.71531518936,269.552122617348,0
212,270.479099445354,274.218381181896,269.734219418907,269.574258292392,0
212.5,270.477602355073,274.153917414937,269.752921660236,269.596139372123,0
213,270.476066968291,274.090593756686,269.771425112308,269.617769976174,0
213.5,270.474494016598,274.028390305911,269.789732918656,269.639154152163,0
214,270.472884218761,273.967287509549,269.807848168372,269.660295876987,0
214.5,270.471238280948,273.907266156526,269.825773897076,269.681199058094,0
215,270.469556896947,273.848307371706,269.843513087866,269.701867534735,0
215.5,270.467840748384,273.790392609934,269.861068672249,269.722305079187,0
216,270.466090504937,273.733503650198,269.878443531059,269.742515397959,0
216.5,270.464306824541,273.677622589891,269.895640495354,269.762502132968,0
217,270.462490353598,273.622731839183,269.9126623473,269.782268862703,0
217.5,270.460641727173,273.568814115486,269.929511821038,269.801819103356,0
218,270.458761569197,273.515852438028,269.946191603534,269.821156309943,0
218.5,270.456850492659,273.463830122519,269.962704335411,269.840283877395,0
219,270.454909099799,273.412730775921,269.979052611777,269.859205141635,0
219.5,270.452937982291,273.362538291298,269.99523898302,269.877923380631,0
220,270.450937721434,273.313236842778,270.011265955608,269.896441815436,0
220.5,270.448908888329,273.264810880589,270.027135992857,269.914763611196,0
221,270.446852044056,273.217245126196,270.0428515157,269.932891878154,0
221.5,270.444767739853,273.170524567518,270.058414903428,269.950829672628,0
222,270.442656517285,273.124634454236,270.073828494433,269.968579997969,0
222.5,270.44051890841,273.079560293183,270.08909458692,269.986145805508,0
223,270.438355435953,273.035287843815,270.104215439625,270.003529995478,0
223.5,270.436166613459,274.240792941542,265.167797203667,270.020735417926,3
224,270.434719249722,275.38262317398,264.204788537018,269.6557127078,3
224.5,270.43397365642,275.261861599282,268.533936356966,269.244635768528,0
225,270.433154595906,275.172194743493,269.258346521115,269.199414509144,0
225.5,270.43228120757,275.088885058628,269.394469393023,269.213589126756,0
226,270.431357437307,275.007823697468,269.434619237682,269.237169966597,0
226.5,270.430384706767,274.928319146695,269.458948054049,269.262023680542,0
227,270.429364012139,274.850238023991,269.480502164903,269.286830992439,0
227.5,270.428296266939,274.773538185256,269.50140760945,269.311381396061,0
228,270.427182358062,274.698192693857,269.522013477227,269.335644724161,0
228.5,270.426023155134,274.624177440133,269.542379677318,269.359620080291,0
229,270.424819512258,274.551469120381,269.562519013755,269.383311260005,0
229.5,270.423572268524,274.480044901819,269.582436573406,269.406722753051,0
230,270.42228224831,274.40988236202,269.60213613538,269.429859094186,0
230.5,270.420950261547,274.340959473114,269.621621214753,269.452724758786,0
231,270.419577103969,274.273254593394,269.640895233286,269.475324147065,0
231.5,270.418163557369,274.206746460222,269.659961548105,269.497661582695,0
232,270.416710389836,274.141414183262,269.678823457241,269.519741313743,0
232.5,270.415218356001,274.077237237857,269.697484201398,269.541567513962,0
233,270.413688197266,274.014195458542,269.715946965097,269.56314428412,0
233.5,270.412120642043,273.95226903267,269.734214877684,269.584475653311,0
234,270.410516405975,273.891438494152,269.752291014325,269.60556558025,0
234.5,270.408876192163,273.831684717323,269.770178396964,269.626417954537,0
235,270.407200691385,273.772988910901,269.787879995269,269.647036597897,0
235.5,270.405490582309,273.715332612073,269.80539872756,269.667425265406,0
236,270.403746531707,273.65869768068,269.822737461724,269.687587646682,0
236.5,270.401969194664,273.603066293505,269.839899016104,269.707527367062,0
237,270.400159214778,273.548420938672,269.856886160383,269.727247988756,0
237.5,270.398317224366,273.494744410142,269.873701616442,269.746753011973,0
238,270.396443844655,273.442019802308,269.890348059207,269.766045876037,0
238.5,270.394539685983,273.390230504689,269.906828117481,269.785129960476,0
239,270.392605347981,273.339360196721,269.923144374763,269.804008586085,0
239.5,270.390641419767,273.28939284264,269.939299370043,269.822685015984,0
240,270.388648480126,273.240312686459,269.955295598592,269.841162456642,0
240.5,270.386627097691,273.192104247031,269.971135512735,269.859444058892,0
241,270.384577831118,273.144752313211,269.986821522608,269.877532918921,0
241.5,270.382501229264,273.098241939094,270.002355996904,269.895432079244,0
242,270.380397831357,273.052558439343,270.017741263601,269.913144529661,0
242.5,270.37826816716,273.007687384604,270.032979610683,269.930673208199,0
243,270.376112757141,272.963614597001,270.048073286843,269.948021002026,0
243.5,270.373932112633,272.920326145708,270.063024502177,269.965190748361,0
244,270.371726735992,272.877808342606,270.077835428862,269.982185235361,0
244.5,270.369497120755,272.836047738018,270.092508201824,269.999007202989,0
245,270.367243751794,272.795031116514,270.107044919394,270.015659343877,0
245.5,270.364967105467,274.003397373545,265.167592059009,270.032144304157,3
246,270.363433746682,275.148017410687,264.203654610181,269.666222741009,3
246.5,270.362603941883,275.03034155347,268.534213387926,269.254244852771,0
247,270.361702633557,274.943723979723,269.258375954207,269.208301246188,0
247.5,270.360748937086,274.863412976084,269.394002355198,269.221790319991,0
248,270.359746765689,274.785298208954,269.433624747164,269.244700367741,0
248.5,270.358697507454,274.708688713046,269.457428353571,269.268894508991,0
249,270.357602125374,274.633451956244,269.478464442637,269.293052772282,0
249.5,270.356461500319,274.559546677549,269.498859687164,269.316964391487,0
250,270.355276487106,274.48694681505,269.518963156438,269.340599008463,0
250.5,270.354047923847,274.415629119321,269.538834642185,269.363955549081,0
251,270.352776633685,274.34557113172,269.558486818435,269.387037635907,0
251.5,270.351463425297,274.276750849475,269.577924642155,269.409849589061,0
252,270.350109093179,274.209146665377,269.597151764542,269.432395776779,0
252.5,270.348714417906,274.14273735225,269.616171574994,269.45468051093,0
253,270.347280166376,274.077502054819,269.634987371831,269.476708031184,0
253.5,270.345807092047,274.013420282881,269.653602390935,269.498482503568,0
254,270.344295935175,273.950471904789,269.672019811255,269.520008021348,0
254.5,270.342747423043,273.888637141085,269.690242756537,269.541288606272,0
255,270.341162270192,273.827896558257,269.708274296423,269.56232820984,0
255.5,270.339541178636,273.768231062605,269.726117447426,269.583130714572,0
256,270.33788483809,273.709621894222,269.743775173885,269.603699935242,0
256.5,270.336193926178,273.652050621087,269.761250388885,269.6240396201,0
257,270.334469108651,273.595499133259,269.778545955171,269.644153452065,0
257.5,270.332711039586,273.53994963718,269.795664686036,269.664045049894,0
258,270.330920361599,273.485384650082,269.812609346205,269.683717969338,0
258.5,270.329097706039,273.43178699449,269.829382652688,269.703175704265,0
259,270.327243693186,273.379139792837,269.84598727563,269.722421687772,0
259.5,270.325358932447,273.327426462157,269.862425839137,269.741459293272,0
260,270.323444022543,273.276630708892,269.878700922093,269.760291835559,0
260.5,270.321499551696,273.226736523784,269.894815058958,269.778922571858,0
261,270.319526097813,273.177728176859,269.910770740553,269.797354702849,0
261.5,270.317524228666,273.129590212502,269.926570414833,269.815591373683,0
262,270.315494502068,273.082307444625,269.942216487641,269.833635674965,0
262.5,270.313437466047,273.035864951917,269.957711323453,269.851490643731,0
263,270.311353659018,272.990248073179,269.973057246105,269.869159264402,0
263.5,270.309243609948,272.945442402748,269.988256539514,269.886644469718,0
264,270.307107838524,272.901433785998,270.003311448378,269.903949141658,0
264.5,270.304946855309,272.858208314926,270.018224178867,269.921076112347,0
265,270.302761161911,272.815752323811,270.032996899303,269.938028164937,0
265.5,270.300551251127,272.774052384958,270.047631740826,269.954808034477,0
266,270.298317607108,272.733095304515,270.062130798046,269.971418408772,0
266.5,270.296060705499,272.692868118363,270.076496129686,269.987861929215,0
267,270.293781013597,272.653358088085,270.090729759216,270.004141191613,0
267.5,270.291478990488,273.862958242077,265.150076430553,270.020258746998,3
268,270.289921032979,275.008786108113,264.185712464519,269.653905586601,3
268.5,270.289067390947,274.892546331913,268.516674889393,269.24149659556,0
269,270.288143146358,274.807344616178,269.24066086773,269.195186398243,0
269.5,270.287167401426,274.728425365375,269.376020695603,269.208323629056,0
270,270.286144053829,274.651677967513,269.415365467401,269.230888496815,0
270.5,270.285074475961,274.576411775506,269.438892978508,269.254742752974,0
271,270.283959615325,274.502494664099,269.459656453507,269.27856613392,0
271.5,270.282800337567,274.429885786832,269.479782823881,269.302147754939,0
272,270.281597482546,274.358559491282,269.499621146429,269.325457168437,0
272.5,270.28035187368,274.288492930575,269.519231157787,269.348493216794,0
273,270.279064319678,274.219664041482,269.538625470982,269.371259441297,0
273.5,270.277735615035,274.152051209597,269.557808981957,269.393760082371,0
274,270.276366540319,274.085633209146,269.576785281792,269.415999430017,0
274.5,270.274957862422,274.020389187584,269.595557700811,269.437981719285,0
275,270.273510334799,273.956298657585,269.614129479309,269.459711114412,0
275.5,270.272024697701,273.89334149034,269.632503796172,269.481191707355,0
276,270.270501678414,273.831497909156,269.650683774373,269.502427518647,0
276.5,270.268941991476,273.770748483212,269.668672482672,269.523422498607,0
277,270.267346338909,273.711074121424,269.686472936704,269.544180528598,0
277.5,270.265715410428,273.652456066432,269.704088099938,269.56470542226,0
278,270.264049883668,273.594875888688,269.721520884603,269.585000926729,0
278.5,270.262350424383,273.538315480655,269.738774152606,269.605070723828,0
279,270.260617686664,273.482757051114,269.755850716417,269.624918431243,0
279.5,270.258852313136,273.428183119568,269.772753339948,269.644547603667,0
280,270.257054935159,273.374576510752,269.789484739415,269.663961733935,0
280.5,270.25522617303,273.321920349241,269.806047584179,269.683164254126,0
281,270.253366636169,273.270198054156,269.822444497578,269.702158536655,0
281.5,270.251476923314,273.219393333961,269.838678057741,269.720947895336,0
282,270.249557622705,273.169490181363,269.854750798383,269.73953558643,0
282.5,270.247609312269,273.120472868295,269.870665209598,269.757924809673,0
283,270.245632559797,273.072325940998,269.886423738621,269.776118709285,0
283.5,270.243627923125,273.025034215179,269.902028790591,269.79412037496,0
284,270.241595950302,272.978582771272,269.917482729289,269.811932842839,0
284.5,270.239537179768,272.932956949773,269.932787877871,269.82955909646,0
285,270.237452140515,272.888142346659,269.947946519582,269.8470020677,0
285.5,270.235341352253,272.844124808897,269.962960898462,269.864264637689,0
286,270.233205325577,272.800890430029,269.977833220033,269.881349637716,0
286.5,270.231044562118,272.75842554583,269.992565651978,269.898259850113,0
287,270.228859554706,272.716716730057,270.00716032481,269.914998009124,0
287.5,270.226650787519,272.675750790264,270.021619332523,269.931566801762,0
288,270.224418736234,272.635514763695,270.035944733234,269.947968868641,0
288.5,270.222163868178,272.59599591325,270.050138549813,269.964206804805,0
289,270.219886642472,272.557181723526,270.064202770508,269.980283160532,0
289.5,270.217587510171,272.519059896922,270.078139349544,269.996200442128,0
290,270.215266914409,272.481618349822,270.091950207728,270.011961112705,0
290.5,270.212925290535,273.693006869236,265.149144683415,270.027567592944,3
291,270.211328862396,274.84057637832,264.184111984304,269.660576849072,3
291.5,270.210437850343,274.726296613966,268.516057912244,269.247528022411,0
292,270.209477469482,274.64303274114,269.239856807324,269.200703398995,0
292.5,270.208466807379,274.566019155198,269.374853332647,269.213351583778,0
293,270.207409740946,274.491144139576,269.413812446135,269.235437224044,0
293.5,270.206307621145,274.417717373825,269.436955437944,269.258819586332,0
294,270.20516137427,274.345607272983,269.457339041924,269.282177927307,0
294.5,270.203971845104,274.274773555103,269.477090647901,269.305301190441,0
295,270.202739853009,274.205191127416,269.49655930765,269.328158804991,0
295.5,270.201466201266,274.136837693516,269.515804683722,269.350749499331,0
296,270.200151678801,274.069691730956,269.534839305906,269.373076703849,0
296.5,270.198797060676,274.003732156495,269.553667986808,269.395144550232,0
297,270.197403108366,273.938938266063,269.572294235416,269.416957221727,0
297.5,270.195970570009,273.875289719537,269.590721301386,269.438518848561,0
298,270.194500180632,273.812766532895,269.608952345774,269.459833492037,0
298.5,270.192992662389,273.75134907168,269.626990469638,269.480905143027,0
299,270.191448724781,273.691018044766,269.644838719499,269.501737722801,0
299.5,270.189869064877,273.63175449827,269.662500089026,269.522335084198,0
300,270.188254367535,273.573539809578,269.679977520093,269.54270101285,0
300.5,270.186605305614,273.516355681481,269.697273903714,269.562839228387,0
301,270.184922540181,273.46018413642,269.714392080951,269.582753385617,0
301.5,270.18320672072,273.405007510831,269.731334843799,269.602447075693,0
302,270.181458485334,273.350808449594,269.748104936055,269.62192382725,0
302.5,270.179678460942,273.297569900586,269.764705054174,269.641187107529,0
303,270.177867263478,273.245275109326,269.781137848104,269.660240323472,0
303.5,270.176025498078,273.193907613725,269.797405922109,269.679086822803,0
304,270.174153759271,273.143451238919,269.813511835583,269.697729895085,0
304.5,270.172252631165,273.093890092209,269.829458103833,269.71617277276,0
305,270.170322687628,273.045208558083,269.845247198866,269.734418632168,0
305.5,270.168364492463,272.997391293328,269.860881550151,269.752470594548,0
306,270.166378599592,272.950423222238,269.876363545369,269.770331727021,0
306.5,270.16436555322,272.904289531897,269.89169553115,269.788005043554,0
307,270.162325888007,272.858975667553,269.9068798138,269.805493505905,0
307.5,270.160260129238,272.814467328078,269.921918660007,269.822800024557,0
308,270.158168792982,272.770750461503,269.936814297542,269.839927459622,0
308.5,270.156052386254,272.727811260634,269.951568915946,269.856878621746,0
309,270.153911407172,272.685636158755,269.966184667198,269.873656272979,0
309.5,270.151746345114,272.644211825394,269.98066366638,269.890263127644,0
310,270.14955768087,272.60352516218,269.995007992325,269.906701853181,0
310.5,270.147345886789,272.56356329876,270.009219688251,269.922975070979,0
311,270.145111426928,272.524313588799,270.023300762394,269.939085357196,0
311.5,270.142854757198,272.485763606048,270.037253188614,269.955035243552,0
312,270.140576325501,272.44790114048,270.051078907005,269.970827218125,0
312.5,270.138276571874,272.410714194503,270.064779824486,269.986463726118,0
313,270.135955928625,272.374190979227,270.078357815379,270.00194717062,0
313.5,270.133614820465,273.586291469402,265.1346752454,270.01727991335,3
314,270.132019344158,274.73455717471,264.169318994334,269.649968945402,3
314.5,270.131129710097,274.621153887014,268.501536301383,269.23659971391,0
315,270.130171243722,274.538754340396,269.225191914896,269.189500424075,0
315.5,270.129163024689,274.462590227763,269.359980174328,269.20188414537,0
316,270.128108920346,274.388549607273,269.398722717856,269.223709721169,0
316.5,270.127010271966,274.315942347095,269.421649928123,269.246835436791,0
317,270.125867996275,274.24463711327,269.441819969281,269.269940345207,0
317.5,270.124682928652,274.174593880834,269.461360427767,269.29281331232,0
318,270.123455879218,274.105787811081,269.48062035345,269.315423710992,0
318.5,270.122187642179,274.038196857392,269.499659375465,269.337770217423,0
319,270.120878997547,273.971799742686,269.518489985663,269.359856211285,0
319.5,270.119530711626,273.906575624712,269.537116958554,269.381685774547,0
320,270.118143537292,273.84250403609,269.555543765573,269.403263041648,0
320.5,270.116718214231,273.779564869164,269.573773619465,269.424592094885,0
321,270.115255469175,273.717738368233,269.591809645028,269.445676948492,0
321.5,270.113756016122,273.65700512309,269.6096549077,269.466521547121,0
322,270.112220556568,273.597346062864,269.627312419016,269.487129766647,0
322.5,270.110649779717,273.538742450003,269.644785138275,269.50750541533,0
323,270.1090443627,273.481175874373,269.662075973592,269.527652235022,0
323.5,270.107404970786,273.424628247464,269.679187782815,269.547573902353,0
324,270.105732257589,273.369081796702,269.696123374427,269.567274029905,0
324.5,270.104026865269,273.314519059865,269.712885508419,269.586756167355,0
325,270.102289424738,273.260922879596,269.729476897149,269.606023802606,0
325.5,270.100520555849,273.20827639802,269.745900206183,269.625080362892,0
326,270.098720867595,273.156563051454,269.76215805513,269.643929215861,0
326.5,270.096890958295,273.10576656522,269.778253018446,269.662573670644,0
327,270.095031415782,273.055870948539,269.794187626239,269.681016978898,0
327.5,270.093142817586,273.006860489532,269.809964365048,269.699262335832,0
328,270.091225731113,272.958719750299,269.825585678617,269.717312881217,0
328.5,270.089280713821,272.911433562091,269.841053968647,269.73517170037,0
329,270.087308313395,272.864987020573,269.856371595537,269.75284182513,0
329.5,270.085309067917,272.819365481166,269.871540879117,269.770326234807,0
330,270.083283506034,272.774554554472,269.886564099358,269.787627857116,0
330.5,270.081232147118,272.73054010179,269.90144349708,269.804749569099,0
331,270.079155501436,272.687308230703,269.916181274634,269.821694198022,0
331.5,270.0770540703,272.644845290749,269.930779596586,269.838464522262,0
332,270.074928346229,272.603137869167,269.94524059038,269.855063272175,0
332.5,270.0727788131,272.562172786722,269.959566346988,269.871493130947,0
333,270.070605946297,272.521937093604,269.973758921555,269.88775673543,0
333.5,270.068410212863,272.482418065396,269.987820334027,269.903856676967,0
334,270.066192071641,272.443603199124,270.001752569769,269.919795502197,0
334.5,270.063951973418,272.405480209364,270.015557580173,269.935575713844,0
335,270.061690361067,272.368037024431,270.029237283255,269.951199771499,0
335.5,270.059407669683,272.33126178263,270.042793564239,269.96667009238,0
336,270.05710432672,272.295142828572,270.056228276132,269.981989052081,0
336.5,270.05478075212,272.259668709563,270.069543240292,269.997158985311,0
337,270.052437358449,272.224828172047,270.082740246979,270.012182186613,0
337.5,270.050074551022,273.438378135593,265.137069654212,270.027060911074,3
338,270.048458282639,274.588052576421,264.171101228696,269.659177668104,3
338.5,270.047548738032,274.476241564192,268.504248277057,269.245233218798,0
339,270.046571354597,274.395417837616,269.227739846166,269.197674971105,0
339.5,270.045545201055,274.320803491724,269.362199631041,269.209622599173,0
340,270.044474127939,274.248285458495,269.400592497677,269.231020489192,0
340.5,270.043359459032,274.17717383925,269.423170605758,269.253724639778,0
341,270.042202093728,274.10733773686,269.442995362314,269.276413674513,0
341.5,270.041002850357,274.038737587407,269.462194782052,269.298876313369,0
342,270.039762522288,273.971349009923,269.481117918134,269.321081827616,0
342.5,270.038481887268,273.905150408121,269.499824339984,269.343028799978,0
343,270.037161709144,273.840120947347,269.518326471346,269.364720519281,0
343.5,270.035802738336,273.776240219922,269.536629018417,269.386160978422,0
344,270.03440571212,273.713488185305,269.554735385325,269.40735422439,0
344.5,270.032971354853,273.65184515509,269.572648718668,269.428304253611,0
345,270.031500378211,273.591291785373,269.590372078265,269.449014995988,0
345.5,270.029993481402,273.531809070429,269.607908465727,269.469490313354,0
346,270.028451351388,273.473378336683,269.625260829888,269.48973400025,0
346.5,270.026874663101,273.415981236827,269.64243206846,269.509749785063,0
347,270.025264079647,273.359599744048,269.659425029055,269.529541331198,0
347.5,270.02362025252,273.304216146355,269.676242510091,269.549112238242,0
348,270.021943821799,273.249813041022,269.692887261666,269.568466043112,0
348.5,270.02023541635,273.196373329115,269.70936198642,269.587606221172,0
349,270.018495654022,273.143880210134,269.72566934037,269.606536187336,0
349.5,270.016725141838,273.092317176739,269.741811933733,269.625259297153,0
350,270.014924476185,273.041668009581,269.757792331745,269.643778847863,0
350.5,270.013094242999,272.991916772218,269.773613055446,269.662098079443,0
351,270.011235017947,272.943047806131,269.789276582468,269.680220175626,0
351.5,270.009347366607,272.895045725821,269.804785347796,269.698148264906,0
352,270.007431844646,272.847895414002,269.820141744526,269.715885421524,0
352.5,270.005488997985,272.801582016876,269.835348124601,269.733434666432,0
353,270.00351936298,272.756090939493,269.850406799537,269.750798968246,0
353.5,270.001523466579,272.711407841198,269.865320041134,269.767981244172,0
354,269.999501826492,272.667518631156,269.880090082182,269.784984360926,0
354.5,269.99745495135,272.624409463958,269.894719117138,269.801811135629,0
355,269.995383340863,272.582066735308,269.909209302811,269.818464336686,0
355.5,269.993287485974,272.540477077783,269.923562759018,269.834946684657,0
356,269.991167869017,272.499627356676,269.937781569234,269.851260853101,0
356.5,269.989024963859,272.459504665904,269.951867781237,269.867409469409,0
357,269.986859236054,272.420096323998,269.965823407729,269.883395115628,0
357.5,269.984671142985,272.381389870156,269.979650426956,269.89922032926,0
358,269.982461134008,272.34337306038,269.99335078331,269.914887604051,0
358.5,269.980229650588,272.306033863663,270.006926387926,269.930399390769,0
359,269.977977126439,272.269360458262,270.020379119265,269.945758097959,0
359.5,269.97570398766,272.233341228027,270.033710823684,269.960966092695,0
360,269.973410652865,272.197964758798,270.046923316004,269.976025701308,0
360.5,269.971097533315,272.163219834866,270.060018380058,269.99093921011,0
361,269.968765033045,272.1290954355,270.072997769235,270.005708866099,0
361.5,269.96641354899,273.343185400207,265.12646234933,270.02033687765,3
362,269.96480892552,274.493385994419,264.160182948076,269.652155595935,3
362.5,269.963911338693,274.382257557025,268.493624034697,269.23791218042,0
363,269.962946321702,274.302107890278,269.216986171781,269.190100794014,0
363.5,269.961932937691,274.228156040164,269.351250622761,269.201804888739,0
364,269.960875029758,274.156288615001,269.389439465738,269.222963022326,0
364.5,269.959773914053,274.085815842977,269.411813920368,269.245430230561,0
365,269.958630482425,274.016607022237,269.431436804858,269.267884947787,0
365.5,269.957445545784,273.948622791796,269.450436330939,269.290115828272,0
366,269.956219890211,273.881838971747,269.469161556238,269.312092097868,0
366.5,269.954954286293,273.816234163554,269.487672024454,269.333812297742,0
367,269.953649490844,273.751787726822,269.50598012926,269.355279676395,0
367.5,269.95230624738,273.688479444669,269.524090546547,269.376498187198,0
368,269.950925286391,273.626289463952,269.542006650546,269.397471838338,0
368.5,269.949507325573,273.565198280314,269.559731558469,269.418204588131,0
369,269.948053070055,273.505186730624,269.577268301263,269.438700329055,0
369.5,269.946563212619,273.446235986704,269.594619852175,269.458962886187,0
370,269.945038433913,273.388327549365,269.611789132176,269.478996017968,0
370.5,269.943479402667,273.331443242579,269.628779011603,269.498803417327,0
371,269.941886775898,273.275565207764,269.645592311175,269.518388712845,0
371.5,269.940261199116,273.220675898168,269.66223180289,269.537755469907,0
372,269.938603306526,273.166758073361,269.678700210892,269.556907191832,0
372.5,269.93691372122,273.113794793825,269.695000212319,269.575847320987,0
373,269.935193055381,273.061769415638,269.711134438133,269.594579239877,0
373.5,269.933441910462,273.010665585258,269.727105473939,269.613106272211,0
374,269.931660877383,272.960467234403,269.742915860789,269.631431683961,0
374.5,269.929850536709,272.911158575015,269.758568095962,269.649558684385,0
375,269.92801145883,272.862724094326,269.774064633745,269.667490427043,0
375.5,269.926144204143,272.815148550002,269.789407886187,269.685230010792,0
376,269.924249323224,272.768416965383,269.804600223849,269.702780480757,0
376.5,269.922327356998,272.722514624804,269.819643976528,269.720144829291,0
377,269.920378836908,272.677427069,269.834541433985,269.737325996913,0
377.5,269.918404285083,272.633140090597,269.849294846643,269.754326873231,0
378,269.916404214494,272.58963972968,269.863906426284,269.771150297848,0
378.5,269.91437912912,272.546912269442,269.878378346729,269.787799061248,0
379,269.912329524101,272.504944231911,269.892712744504,269.804275905674,0
379.5,269.910255885895,272.463722373756,269.906911719497,269.820583525976,0
380,269.908158692424,272.423233682163,269.920977335602,269.836724570461,0
380.5,269.906038413229,272.38346537079,269.934911621355,269.85270164171,0
381,269.90389550961,272.344404875787,269.94871657055,269.868517297394,0
381.5,269.901730434774,272.306039851899,269.96239414285,269.884174051069,0
382,269.899543633974,272.268358168626,269.975946264391,269.899674372953,0
382.5,269.897335544647,272.231347906458,269.989374828364,269.915020690699,0
383,269.89510659655,272.19499735318,270.002681695598,269.930215390141,0
383.5,269.892857211895,272.159295000235,270.015868695123,269.945260816039,0
384,269.890587805479,272.124229539155,270.028937624731,269.960159272803,0
384.5,269.888298784814,272.089789858061,270.041890251521,269.974913025201,0
385,269.885990550252,272.055965038218,270.054728312438,269.989524299069,0
385.5,269.883663495112,272.022744350654,270.067453514801,270.003995281986,0
386,269.881318005799,273.237554246186,265.119783438804,270.018328123957,3
386.5,269.879719813466,274.388454888162,264.153122490409,269.649786967547,3
387,269.878829081699,274.278184796694,268.487016179127,269.23518209052,0
387.5,269.877871440546,274.198883864328,269.210243189875,269.18707214197,0
388,269.87686594681,274.125766430178,269.344282529547,269.198490356221,0
388.5,269.875816434367,274.054718562963,269.38223444703,269.219367366187,0
389,269.874724209824,273.985050629389,269.404372298984,269.241556927893,0
389.5,269.873590155577,273.91663216854,269.423760755402,269.263737231473,0
390,269.872415073241,273.849424072406,269.442528281476,269.285696848767,0
390.5,269.871199739765,273.783402412086,269.461023940557,269.307404949143,0
391,269.869944916766,273.718546035961,269.479307244178,269.328860022092,0
391.5,269.868651352246,273.654834546217,269.497390548547,269.350065265956,0
392,269.867319781065,273.592247964237,269.515278491842,269.371024584944,0
392.5,269.865950925212,273.530766670898,269.532974411104,269.391741938969,0
393,269.864545494033,273.470371391698,269.550481386993,269.412221238947,0
393.5,269.863104184453,273.411043189268,269.56780241454,269.432466330798,0
394,269.861627681197,273.352763457175,269.584940431714,269.452480993876,0
394.5,269.860116657,273.295513914034,269.601898324828,269.472268941716,0
395,269.858571772816,273.239276597746,269.618678930171,269.491833823143,0
395.5,269.856993678027,273.184033859856,269.635285035012,269.511179223419,0
396,269.855383010641,273.129768360011,269.651719378489,269.530308665381,0
396.5,269.853740397496,273.076463060511,269.667984652463,269.54922561056,0
397,269.852066454448,273.02410122097,269.684083502356,269.567933460277,0
397.5,269.850361786568,272.972666393067,269.700018527969,269.586435556719,0
398,269.84862698833,272.922142415392,269.715792284297,269.604735183998,0
398.5,269.846862643793,272.872513408384,269.731407282311,269.622835569187,0
399,269.845069326784,272.823763769369,269.746865989744,269.640739883336,0
399.5,269.843247601076,272.775878167671,269.762170831849,269.658451242476,0
400,269.841398020566,272.728841539829,269.777324192151,269.675972708598,0
400.5,269.839521129444,272.682639084886,269.792328413183,269.693307290613,0
401,269.837617462362,272.637256259772,269.807185797208,269.7104579453,0
401.5,269.835687544604,272.592678774763,269.82189860693,269.727427578236,0
402,269.833731892245,272.548892589027,269.836469066189,269.7442190447,0
402.5,269.831751012314,272.505883906246,269.850899360647,269.760835150574,0
403,269.82974540295,272.46363917032,269.865191638459,269.777278653214,0
403.5,269.827715553558,272.422145061144,269.879348010934,269.79355226232,0
404,269.825661944961,272.381388490465,269.893370553181,269.809658640771,0
404.5,269.82358504955,272.341356597809,269.907261304748,269.825600405465,0
405,269.821485331427,272.302036746482,269.921022270242,269.84138012813,0
405.5,269.819363246556,272.263416519646,269.934655419949,269.857000336121,0
406,269.817219242898,272.22548371646,269.948162690434,269.872463513212,0
406.5,269.815053760555,272.188226348293,269.96154598513,269.887772100364,0
407,269.812867231903,272.151632635001,269.974807174922,269.902928496482,0
407.5,269.810660081731,272.115691001278,269.987948098718,269.917935059159,0
408,269.808432727367,272.080390073064,270.000970564009,269.932794105407,0
408.5,269.806185578815,272.045718674019,270.013876347419,269.947507912373,0
409,269.803919038875,272.011665822063,270.026667195246,269.962078718042,0
409.5,269.801633503273,271.978220725974,270.039344823993,269.976508721929,0
410,269.799329360784,271.945372782048,270.051910920889,269.990800085758,0
410.5,269.797006993349,271.91311157082,270.064367144403,270.004954934128,0
411,269.794666776199,273.128697820823,265.11543976428,270.018975355164,3
411.5,269.793074327642,274.28035246386,264.148366424691,269.65004894434,3
412,269.79218979725,274.170992330461,268.482788795936,269.235056810477,0
412.5,269.791238910463,274.09259178442,269.205879891786,269.186630371366,0
413,269.790240717741,274.020359646358,269.339682106106,269.197746103504,0
413.5,269.789199043236,273.950181331661,269.377383585725,269.21832574613,0
414,269.788115183443,273.881367341644,269.399271237488,269.240221632199,0
414.5,269.786990010735,273.813787468932,269.418411783675,269.262111684451,0
415,269.785824316866,273.747402873354,269.436933969126,269.283784386389,0
415.5,269.7846188691,273.682189891983,269.455186864488,269.305208847454,0
416,269.783374419538,273.618127634889,269.473229947335,269.326383502413,0
416.5,269.782091706838,273.555195961348,269.491075534196,269.347311496501,0
417,269.780771456678,273.493375145266,269.508728223305,269.367996681865,0
417.5,269.779414382028,273.432645815551,269.526191312313,269.388442967308,0
418,269.778021183377,273.372988941319,269.543467843164,269.408654213547,0
418.5,269.77659254895,273.314385824484,269.560560772854,269.428634217206,0
419,269.775129154923,273.256818093643,269.577473001983,269.448386709222,0
419.5,269.773631665637,273.200267698265,269.594207380154,269.467915355574,0
420,269.772100733799,273.144716903003,269.610766707594,269.487223758384,0
420.5,269.77053700069,273.090148282129,269.627153736145,269.506315457039,0
421,269.768941096362,273.03654471406,269.643371170136,269.525193929321,0
421.5,269.767313639834,272.98388937599,269.659421667234,269.543862592506,0
422,269.765655239288,272.932165738611,269.675307839264,269.562324804447,0
422.5,269.763966492252,272.881357560942,269.691032253026,269.580583864634,0
423,269.762247985792,272.831448885233,269.706597431083,269.598643015243,0
423.5,269.760500296688,272.782424031982,269.72200585255,269.61650544215,0
424,269.758723991622,272.734267595024,269.737259953857,269.634174275943,0
424.5,269.756919627346,272.686964436719,269.752362129504,269.651652592906,0
425,269.755087750858,272.640499683223,269.7673147328,269.668943415983,0
425.5,269.753228899574,272.594858719841,269.782120076589,269.686049715734,0
426,269.751343601492,272.550027186472,269.796780433964,269.702974411261,0
426.5,269.749432375359,272.505990973126,269.811298038969,269.71972037113,0
427,269.747495730829,272.462736215529,269.825675087282,269.736290414263,0
427.5,269.745534168623,272.420249290802,269.839913736895,269.752687310825,0
428,269.743548180686,272.37851681322,269.854016108775,269.768913783085,0
428.5,269.741538250336,272.337525630045,269.867984287515,269.784972506273,0
429,269.73950485242,272.297262817436,269.881820321974,269.800866109406,0
429.5,269.737448453455,272.25771567643,269.895526225905,269.816597176114,0
430,269.735369511777,272.218871728996,269.909103978571,269.832168245442,0
430.5,269.733268477684,272.180718714161,269.922555525351,269.847581812636,0
431,269.731145793571,272.143244584198,269.935882778335,269.862840329924,0
431.5,269.729001894074,272.106437500894,269.949087616908,269.877946207276,0
432,269.726837206201,272.070285831873,269.962171888322,269.892901813145,0
432.5,269.724652149465,272.034778146992,269.975137408263,269.907709475211,0
433,269.722447136014,271.999903214797,269.9879859614,269.922371481091,0
433.5,269.720222570762,271.965649999046,270.00071930193,269.936890079054,0
434,269.717978851512,271.932007655287,270.013339154112,269.951267478711,0
434.5,269.715716369079,271.898965527507,270.025847212793,269.965505851699,0
435,269.713435507416,271.866513144832,270.038245143917,269.97960733235,0
435.5,269.711136643726,271.834640218288,270.050534585036,269.993574018349,0
436,269.708820148587,271.803336637621,270.062717145805,270.007407971377,0
436.5,269.706486386062,273.019700911942,265.112482060787,270.021111217749,3
437,269.704900863774,274.172110450947,264.144984571472,269.651791277761,3
437.5,269.704023716807,274.063657756884,268.479969944521,269.236403345467,0
438,269.703080763902,273.986155542014,269.202926153639,269.187655183394,0
438.5,269.702091049461,273.914806729555,269.336487439422,269.198463685328,0
439,269.701058387969,273.845496022243,269.373933998062,269.218741286561,0
439.5,269.699984065822,273.777534046756,269.39556687847,269.240338838781,0
440,269.698868945382,273.710790847612,269.414454937835,269.261933989318,0
440.5,269.697713808557,273.645227851981,269.432727211888,269.283315132309,0
441,269.696519412933,273.58082166259,269.450732780072,269.304451317193,0
441.5,269.695286501108,273.517551650903,269.468531086214,269.325340924059,0
442,269.694015802401,273.455397933013,269.486134407218,269.345987045088,0
442.5,269.692708033322,273.394341035078,269.503547301404,269.366393480427,0
443,269.691363897832,273.334361833773,269.520773027069,269.386564087819,0
443.5,269.689984087571,273.275441541574,269.537814587467,269.40650267784,0
444,269.688569282072,273.21756169943,269.554674901585,269.426212997867,0
444.5,269.687120148975,273.160704170727,269.571356832684,269.445698730466,0
445,269.685637344231,273.104851135546,269.587863193683,269.464963494116,0
445.5,269.684121512313,273.049985085064,269.60419674877,269.484010844274,0
446,269.682573286407,272.996088816054,269.620360214381,269.502844274501,0
446.5,269.680993288619,272.943145425486,269.636356260063,269.521467217565,0
447,269.679382130159,272.891138305233,269.652187509308,269.539883046529,0
447.5,269.67774041154,272.840051136859,269.667856540368,269.558095075816,0
448,269.676068722756,272.789867886517,269.683365887054,269.57610656226,0
448.5,269.674367643473,272.740572799924,269.698718039523,269.593920706134,0
449,269.672637743203,272.69215039744,269.713915445048,269.611540652156,0
449.5,269.670879581487,272.644585469226,269.728960508775,269.628969490484,0
450,269.669093708064,272.597863070493,269.743855594464,269.646210257686,0
450.5,269.667280663042,272.551968516835,269.758603025224,269.663265937694,0
451,269.665440977071,272.506887379649,269.773205084225,269.680139462744,0
451.5,269.6635751715,272.462605481632,269.787664015405,269.696833714291,0
452,269.661683758547,272.419108892366,269.801982024157,269.713351523918,0
452.5,269.659767241452,272.376383923973,269.816161278012,269.729695674216,0
453,269.657826114637,272.334417126856,269.830203907302,269.745868899657,0
453.5,269.655860863857,272.293195285513,269.844112005817,269.76187388745,0
454,269.653871966353,272.252705414425,269.857887631443,269.777713278377,0
454.5,269.651859890998,272.212934754018,269.8715328068,269.793389667614,0
455,269.649825098446,272.173870766701,269.885049519853,269.808905605546,0
455.5,269.647768041271,272.135501132967,269.898439724527,269.824263598552,0
456,269.645689164112,272.097813747572,269.911705341305,269.839466109793,0
456.5,269.643588903805,272.060796715778,269.924848257807,269.854515559966,0
457,269.641467689526,272.024438349659,269.937870329376,269.869414328067,0
457.5,269.639325942919,271.988727164483,269.950773379638,269.884164752116,0
458,269.63716407823,271.953651875149,269.963559201059,269.898769129892,0
458.5,269.634982502431,271.919201392694,269.976229555491,269.913229719636,0
459,269.632781615354,271.885364820855,269.98878617471,269.92754874075,0
459.5,269.630561809808,271.8521314527,270.00123076094,269.941728374486,0
460,269.628323471705,271.819490767314,270.013564987371,269.955770764615,0
460.5,269.626066980179,271.787432426546,270.025790498667,269.969678018089,0
461,269.623792707705,271.75594627181,270.037908911465,269.983452205688,0
461.5,269.62150102021,271.72502232095,270.049921814866,269.997095362662,0
462,269.619192277193,271.694650765152,270.061830770913,270.010609489348,0
462.5,269.616866831834,272.911771407846,265.110275029549,270.023996551793,3
463,269.615290083508,274.064914243915,264.142351169316,269.654282997358,3
463.5,269.61442215286,273.957344276934,268.477911127647,269.238499016563,0
464,269.613488950035,273.880716248972,269.200733914512,269.189429794598,0
464.5,269.61250951374,273.810227046166,269.334054289882,269.199931791079,0
465,269.611487649069,273.741760631138,269.371245707191,269.219908020974,0
465.5,269.61042463258,273.674627745887,269.392623519744,269.241207840537,0
466,269.609321316876,273.608698679497,269.411258741153,269.262508621141,0
466.5,269.608178474267,273.543935119656,269.429280701467,269.283598668715,0
467,269.606996852905,273.480313928101,269.447038490184,269.304446974027,0
467.5,269.605777186124,273.417814731177,269.464591518405,269.325051863813,0
468,269.604520194143,273.356417895391,269.481952024399,269.345416378504,0
468.5,269.603226584532,273.296104192875,269.499124527545,269.36554426752,0
469,269.60189705247,273.236854741904,269.516112247734,269.385439338803,0
469.5,269.600532280973,273.178650992258,269.532918150472,269.405105354012,0
470,269.599132941101,273.121474717971,269.549545117655,269.424546012487,0
470.5,269.597699692172,273.065308011375,269.565995976107,269.443764949611,0
471,269.596233181963,273.010133277433,269.582273502949,269.462765737518,0
471.5,269.594734046916,272.955933228212,269.598380427202,269.481551886147,0
472,269.593202912331,272.902690877453,269.614319430747,269.500126844352,0
472.5,269.591640392565,272.85038953525,269.630093149188,269.518494000984,0
473,269.59004709122,272.799012802818,269.645704172664,269.536656685971,0
473.5,269.58842360133,272.748544567357,269.661155046662,269.554618171367,0
474,269.586770505549,272.698968997007,269.676448272799,269.572381672388,0
474.5,269.58508837633,272.650270535902,269.691586309603,269.589950348423,0
475,269.583377776099,272.602433899302,269.706571573267,269.607327304035,0
475.5,269.581639257439,272.555444068819,269.721406438403,269.624515589931,0
476,269.579873363251,272.509286287731,269.736093238771,269.64151820393,0
476.5,269.578080626931,272.463946056371,269.750634268,269.658338091898,0
477,269.576261572531,272.419409127608,269.765031780298,269.674978148674,0
477.5,269.574416714924,272.375661502407,269.77928799114,269.69144121898,0
478,269.572546559961,272.332689425466,269.793405077956,269.707730098309,0
478.5,269.570651604632,272.290479380931,269.8073851808,269.723847533799,0
479,269.56873233722,272.249018088192,269.821230403004,269.739796225096,0
479.5,269.566789237447,272.208292497751,269.834942811825,269.75557882519,0
480,269.56482277663,272.168289787163,269.848524439082,269.771197941247,0
480.5,269.562833417824,272.128997357054,269.861977281774,269.786656135419,0
481,269.560821615966,272.090402827205,269.875303302695,269.801955925645,0
481.5,269.558787818015,272.052494032708,269.888504431033,269.817099786427,0
482,269.556732463095,272.015259020193,269.90158256296,269.832090149606,0
482.5,269.554655982625,271.978686044118,269.914539562211,269.846929405112,0
483,269.552558800461,271.942763563129,269.927377260654,269.861619901706,0
483.5,269.550441333019,271.90748023648,269.940097458844,269.876163947707,0
484,269.548303989411,271.872824920526,269.952701926579,269.890563811708,0
484.5,269.546147171568,271.838786665264,269.965192403433,269.904821723275,0
485,269.543971274367,271.805354710952,269.977570599286,269.918939873638,0
485.5,269.541776685753,271.772518484772,269.989838194846,269.932920416364,0
486,269.539563786859,271.740267597567,270.001996842157,269.946765468023,0
486.5,269.537332952125,271.708591840625,270.014048165103,269.960477108841,0
487,269.535084549414,271.677481182527,270.025993759897,269.974057383337,0
487.5,269.532818940126,271.646925766043,270.037835195565,269.987508300953,0
488,269.530536479313,271.616915905096,270.049574014427,270.000831836672,0
488.5,269.528237515783,272.834247408666,265.097454506874,270.014029931623,3
489,269.526687356202,273.987595515854,264.129302448573,269.644098534905,3
489.5,269.525846117793,273.880373064182,268.464994242522,269.228095964489,0
490,269.524939797977,273.804087830735,269.187700221327,269.178835243785,0
490.5,269.523987432399,273.733935273343,269.320863627812,269.189151550162,0
491,269.522992822215,273.665799203659,269.357892507333,269.208944350182,0
491.5,269.52195723996,273.598990433701,269.379107896961,269.230062395463,0
492,269.520881534259,273.53337935714,269.397581732148,269.251182938101,0
492.5,269.51976647351,273.468927770214,269.415443480345,269.272094245112,0
493,269.518612802028,273.405612642215,269.43304223921,269.29276528196,0
493.5,269.517421249373,273.343413705271,269.450437406888,269.313194352669,0
494,269.516192532061,273.282311429802,269.467641205438,269.333384475714,0
494.5,269.514927354026,273.222286689998,269.484658137739,269.353339379011,0
495,269.513626406879,273.163320704363,269.501491407371,269.373062849383,0
495.5,269.512290370129,273.105395021114,269.518143963799,269.392558627753,0
496,269.510919911393,273.048491510964,269.534618673156,269.411830393087,0
496.5,269.50951568661,272.992592361191,269.550918346775,269.430881760758,0
497,269.508078340238,272.937680070011,269.567045746557,269.44971628324,0
497.5,269.506608505459,272.883737441073,269.583003586565,269.468337451164,0
498,269.505106804376,272.830747578069,269.598794533986,269.486748694411,0
498.5,269.503573848202,272.778693879437,269.61442120998,269.504953383197,0
499,269.502010237455,272.727560033156,269.629886190496,269.522954829142,0
499.5,269.50041656214,272.677330011644,269.645192007075,269.540756286315,0
500,269.498793401937,272.627988066741,269.66034114763,269.55836095226,0
500.5,269.497141326378,272.579518724785,269.675336057221,269.575771969008,0
501,269.495460895025,272.531906781777,269.690179138808,269.592992424065,0
501.5,269.493752657641,272.48513729863,269.704872753995,269.610025351384,0
502,269.492017154366,272.439195596509,269.719419223761,269.626873732319,0
502.5,269.490254915882,272.39406725225,269.733820829174,269.643540496561,0
503,269.488466463576,272.34973809386,269.748079812094,269.660028523057,0
503.5,269.486652309704,272.306194196107,269.762198375864,269.676340640914,0
504,269.484812957549,272.263421876176,269.776178685991,269.692479630282,0
504.5,269.48294890158,272.221407689411,269.790022870805,269.708448223225,0
505,269.481060627602,272.180138425136,269.803733022122,269.724249104573,0
505.5,269.479148612908,272.139601102541,269.817311195876,269.739884912764,0
506,269.477213326426,272.09978296665,269.830759412758,269.75535824066,0
506.5,269.475255228869,272.060671484356,269.844079658829,269.770671636361,0
507,269.473274772873,272.022254340531,269.857273886134,269.785827603993,0
507.5,269.471272403138,271.984519434203,269.870344013292,269.800828604489,0
508,269.469248556571,271.9474548748,269.883291926089,269.815677056355,0
508.5,269.467203662414,271.911048978467,269.896119478051,269.830375336413,0
509,269.465138142384,271.875290264436,269.908828491007,269.844925780548,0
509.5,269.463052410801,271.840167451478,269.92142075565,269.859330684422,0
510,269.460946874714,271.805669454403,269.933898032079,269.873592304191,0
510.5,269.458821934034,271.771785380632,269.946262050333,269.887712857196,0
511,269.456677981652,271.738504526821,269.958514510924,269.901694522655,0
511.5,269.454515403563,271.705816375558,269.970657085346,269.915539442329,0
512,269.452334578987,271.673710592103,269.982691416587,269.929249721184,0
512.5,269.450135880485,271.642177021202,269.994619119626,269.942827428042,0
513,269.447919674078,271.611205683939,270.006441781925,269.956274596213,0
513.5,269.445686319355,271.580786774666,270.018160963904,269.969593224124,0
514,269.443436169589,271.550910657965,270.029778199423,269.982785275929,0
514.5,269.441169571846,271.521567865682,270.041294996234,269.995852682116,0
515,269.438886867093,271.492749094003,270.052712836449,270.008797340095,0
515.5,269.436588390302,272.711079635243,265.098948592149,270.02162111478,3
516,269.435039329693,273.865396279455,264.130282895425,269.651217460704,3
516.5,269.434199783364,273.759300254142,268.466732044275,269.234739552067,0
517,269.433295845208,273.684130929637,269.189294172602,269.185098721207,0
517.5,269.432346543829,273.61507583927,269.322177785269,269.195053237584,0
518,269.431355668493,273.548017818308,269.358908986499,269.214490660367,0
518.5,269.430324479253,273.482267819217,269.379826788253,269.235257864862,0
519,269.429253812352,273.417696544381,269.398005812344,269.25603175903,0
519.5,269.428144424004,273.354266119564,269.415575888291,269.276600499668,0
520,269.42699704655,273.291953841766,269.432886124356,269.296932978491,0
520.5,269.425812397793,273.230739765613,269.449995876983,269.317027432297,0
521,269.424591182695,273.170604678388,269.466917319434,269.336886814322,0
521.5,269.423334093843,273.111529765526,269.483654905476,269.356514788526,0
522,269.422041811699,273.053496551251,269.500211790269,269.375915078939,0
522.5,269.420715004821,272.996486884075,269.516590875683,269.395091364814,0
523,269.41935433007,272.940482929676,269.532794981095,269.414047264545,0
523.5,269.417960432817,272.885467165064,269.548826871899,269.432786334016,0
524,269.416533947141,272.831422373053,269.564689264871,269.451312067273,0
524.5,269.415075496027,272.778331636845,269.580384829736,269.469627897556,0
525,269.413585691559,272.726178334732,269.595916190125,269.487737198378,0
525.5,269.412065135111,272.674946134889,269.611285924408,269.505643284588,0
526,269.410514417535,272.624618990258,269.626496566492,269.523349413424,0
526.5,269.408934119342,272.575181133531,269.641550606614,269.540858785536,0
527,269.407324810882,272.526617072218,269.656450492107,269.558174545998,0
527.5,269.405687052526,272.478911583807,269.67119862816,269.575299785299,0
528,269.404021394833,272.432049711009,269.685797378563,269.59223754032,0
528.5,269.402328378725,272.386016757088,269.700249066432,269.608990795279,0
529,269.400608535657,272.340798281278,269.714555974931,269.625562482679,0
529.5,269.398862387777,272.296380094282,269.728720347974,269.641955484222,0
530,269.397090448089,272.252748253846,269.742744390917,269.658172631714,0
530.5,269.395293220618,272.20988906042,269.756630271235,269.674216707951,0
531,269.393471200558,272.167789052895,269.770380119189,269.69009044759,0
531.5,269.391624874431,272.126435004408,269.783996028484,269.705796538003,0
532,269.389754720237,272.085813918235,269.797480056906,269.721337620118,0
532.5,269.387861207603,272.045913023752,269.810834226958,269.736716289239,0
533,269.385944797925,272.006719772461,269.824060526478,269.751935095855,0
533.5,269.384005944516,271.968221834101,269.837160909247,269.766996546439,0
534,269.382045092744,271.930407092815,269.850137295587,269.781903104218,0
534.5,269.38006268017,271.893263643395,269.86299157295,269.796657189947,0
535,269.378059136687,271.85677978759,269.875725596493,269.811261182655,0
535.5,269.376034884649,271.820944030477,269.888341189642,269.825717420384,0
536,269.373990339002,271.785745076904,269.900840144654,269.840028200913,0
536.5,269.37192590742,271.751171827989,269.913224223157,269.854195782469,0
537,269.369841990421,271.717213377686,269.92549515669,269.868222384426,0
537.5,269.367738981499,271.68385900941,269.937654647226,269.882110187987,0
538,269.365617267245,271.651098192721,269.949704367696,269.895861336863,0
538.5,269.363477227462,271.618920580071,269.96164596249,269.909477937928,0
539,269.361319235291,271.587316003605,269.97348104796,269.92296206187,0
539.5,269.359143657317,271.556274472017,269.985211212911,269.93631574383,0
540,269.356950853694,271.525786167469,269.996838019077,269.949540984027,0
540.5,269.354741178247,271.495841442558,270.008363001603,269.962639748368,0
541,269.352514978587,271.466430817339,270.019787669498,269.97561396906,0
541.5,269.350272596219,271.437544976402,270.031113506102,269.988465545193,0
542,269.348014366643,271.409174765995,270.042341969528,270.00119634333,0
542.5,269.345740619468,272.627797951958,265.087879000613,270.013808198071,3
543,269.344216447036,273.782398810436,264.118948932098,269.643155112275,3
543.5,269.34340194224,273.676731711003,268.455607148072,269.226426678355,0
544,269.342523287725,273.601986124679,269.178048501689,269.176570844068,0
544.5,269.341599508702,273.53334734789,269.31075921676,269.186317678798,0
545,269.340634389676,273.466697958284,269.347310382257,269.205550153194,0
545.5,269.339629185786,273.40134898277,269.368048227067,269.226114380234,0
546,269.33858472841,273.3371712494,269.38604851589,269.246687121412,0
546.5,269.337501768977,273.274127015737,269.403441244441,269.267056486579,0
547,269.336381035133,273.21219370956,269.420575530124,269.287191336963,0
547.5,269.335223240065,273.151351514149,269.437510713491,269.30708988194,0
548,269.334029084205,273.091581343176,269.45425894816,269.32675504822,0
548.5,269.332799255689,273.032864506214,269.470824667945,269.346190473774,0
549,269.33153443061,272.975182649411,269.487211008299,269.365399857114,0
549.5,269.330235273236,272.918517741025,269.503420851711,269.384386852432,0
550,269.328902436213,272.862852064343,269.519456998511,269.403155053504,0
550.5,269.327536560773,272.808168211894,269.53532219538,269.42170799203,0
551,269.326138276933,272.754449079943,269.551019140703,269.440049138302,0
551.5,269.324708203685,272.701677863126,269.566550486139,269.458181902225,0
552,269.323246949197,272.649838049184,269.581918837565,269.476109634387,0
552.5,269.321755110993,272.598913413791,269.597126755904,269.493835627122,0
553,269.320233276146,272.548888015477,269.612176757921,269.511363115543,0
553.5,269.318682021456,272.49974619064,269.627071317007,269.528695278567,0
554,269.31710191363,272.451472548652,269.641812863943,269.545835239919,0
554.5,269.315493509458,272.404051967054,269.656403787652,269.562786069113,0
555,269.313857355986,272.357469586828,269.670846435937,269.579550782422,0
555.5,269.312193990687,272.311710807764,269.685143116207,269.59613234382,0
556,269.310503941624,272.26676128391,269.69929609619,269.612533665919,0
556.5,269.308787727619,272.222606919094,269.713307604627,269.62875761088,0
557,269.30704585841,272.179233862538,269.727179831966,269.644806991306,0
557.5,269.30527883481,272.136628504541,269.740914931031,269.660684571131,0
558,269.303487148864,272.094777472249,269.754515017684,269.676393066477,0
558.5,269.301671284001,272.053667625491,269.767982171476,269.691935146504,0
559,269.299831715182,272.013286052696,269.781318436286,269.707313434246,0
559.5,269.297968909049,271.973620066881,269.794525820949,269.722530507425,0
560,269.296083324072,271.934657201709,269.807606299865,269.737588899255,0
560.5,269.294175410685,271.896385207624,269.820561813613,269.752491099231,0
561,269.292245611433,271.858792048042,269.833394269537,269.767239553902,0
561.5,269.290294361103,271.821865895626,269.846105542332,269.781836667631,0
562,269.288322086864,271.785595128616,269.858697474618,269.796284803341,0
562.5,269.286329208397,271.749968327226,269.871171877498,269.810586283247,0
563,269.284316138023,271.71497427011,269.883530531116,269.824743389574,0
563.5,269.282283280836,271.680601930887,269.895775185193,269.838758365265,0
564,269.280231034825,271.64684047473,269.907907559565,269.852633414674,0
564.5,269.278159790997,271.613679255012,269.919929344704,269.866370704245,0
565,269.276069933502,271.581107810013,269.93184220223,269.879972363183,0
565.5,269.27396183975,271.549115859691,269.943647765418,269.893440484106,0
566,269.271835880525,271.517693302503,269.955347639696,269.906777123693,0
566.5,269.269692420106,271.486830212285,269.966943403124,269.919984303317,0
567,269.267531816376,271.456516835186,269.97843660688,269.933064009665,0
567.5,269.265354420934,271.426743586664,269.989828775727,269.946018195345,0
568,269.263160579205,271.397501048521,270.001121408472,269.958848779492,0
568.5,269.260950630547,271.368779966003,270.012315978421,269.971557648352,0
569,269.258724908355,271.340571244948,270.023413933827,269.98414665586,0
569.5,269.256483740164,271.312865948979,270.034416698319,269.996617624209,0
570,269.254227447756,271.285655296756,270.04532567134,270.008972344404,0
570.5,269.251956347252,272.505246963608,265.089229773737,270.021212576814,3
571,269.250435413168,273.660786418158,264.119788829823,269.650090633894,3
571.5,269.249624719669,273.556215886468,268.457197174707,269.232890212015,0
572,269.24875054594,273.482556773002,269.17949460329,269.182656800966,0
572.5,269.24783191043,273.414986516406,269.311926453209,269.192044177261,0
573,269.246872586068,273.349386720864,269.34818095658,269.210923497182,0
573.5,269.245873815832,273.28506854677,269.368622183816,269.231139012568,0
574,269.244836419029,273.22190312255,269.386328567738,269.251367144487,0
574.5,269.243761135215,273.159853026884,269.403430464637,269.271395894585,0
575,269.242648680365,273.098896006967,269.420277003414,269.291194052081,0
575.5,269.241499756204,273.039012560432,269.436927484133,269.310759760801,0
576,269.240315051906,272.980183909816,269.453394012852,269.33009588386,0
576.5,269.239095244545,272.922391668085,269.469680975494,269.349205996879,0
577,269.237840999349,272.865617779398,269.48579146029,269.368093737158,0
577.5,269.236552969911,272.809844504737,269.501728303314,269.386762698763,0
578,269.235231798394,272.755054414923,269.517494259292,269.405216416422,0
578.5,269.233878115732,272.701230384919,269.533092030102,269.423458363838,0
579,269.232492541821,272.648355588422,269.548524270114,269.441491954335,0
579.5,269.231075685717,272.596413492586,269.563793587744,269.459320541864,0
580,269.229628145824,272.545387852844,269.578902546386,269.476947422056,0
580.5,269.228150510075,272.495262707822,269.593853665222,269.494375833259,0
581,269.226643356123,272.446022374354,269.608649420011,269.51160895756,0
581.5,269.225107251512,272.397651442569,269.623292243854,269.52864992179,0
582,269.223542753858,272.350134771091,269.637784527946,269.545501798511,0
582.5,269.221950411021,272.303457482298,269.652128622318,269.562167606979,0
583,269.220330761274,272.257604957692,269.66632683656,269.578650314097,0
583.5,269.218684333472,272.212562833333,269.680381440537,269.594952835342,0
584,269.217011647213,272.168316995364,269.694294665085,269.611078035687,0
584.5,269.215313213001,272.124853575616,269.708068702701,269.627028730492,0
585,269.213589532407,272.082158947289,269.721705708217,269.642807686389,0
585.5,269.211841098219,272.040219720712,269.735207799463,269.658417622146,0
586,269.210068394598,271.999022739177,269.748577057916,269.673861209517,0
586.5,269.208271897229,271.958555074854,269.761815529343,269.689141074075,0
587,269.206452073467,271.918804024769,269.774925224423,269.704259796034,0
587.5,269.204609382482,271.879757106859,269.787908119369,269.719219911046,0
588,269.202744275402,271.841402056104,269.800766156528,269.734023910997,0
588.5,269.200857195451,271.803726820714,269.813501244979,269.748674244778,0
589,269.198948578091,271.766719558396,269.826115261115,269.763173319047,0
589.5,269.197018851151,271.730368632682,269.838610049216,269.777523498974,0
590,269.195068434964,271.694662609322,269.850987422014,269.791727108976,0
590.5,269.193097742496,271.659590252747,269.863249161242,269.805786433437,0
591,269.191107179475,271.625140522586,269.875397018182,269.819703717412,0
591.5,269.189097144513,271.591302570252,269.887432714194,269.833481167325,0
592,269.187068029237,271.558065735589,269.89935794124,269.847120951647,0
592.5,269.185020218401,271.525419543571,269.911174362403,269.860625201568,0
593,269.182954090015,271.493353701066,269.922883612385,269.873996011651,0
593.5,269.180870015453,271.46185809366,269.934487298009,269.88723544048,0
594,269.178768359576,271.430922782529,269.945986998706,269.900345511291,0
594.5,269.176649480841,271.400538001371,269.957384266989,269.913328212596,0
595,269.174513731413,271.370694153396,269.968680628927,269.926185498794,0
595.5,269.172361457274,271.341381808363,269.979877584608,269.938919290768,0
596,269.170192998331,271.31259169967,269.990976608588,269.951531476477,0
596.5,269.168008688523,271.284314721504,270.001979150341,269.964023911534,0
597,269.16580885592,271.256541926026,270.012886634692,269.976398419773,0
597.5,269.163593822829,271.229264520624,270.023700462253,269.988656793806,0
598,269.161363905893,271.202473865198,270.03442200984,270.000800795575,0
598.5,269.159119416189,272.422329208707,265.077649216309,270.012832156886,3
599,269.157625232124,273.578124668214,264.107948597847,269.64146527943,3
599.5,269.156841423144,273.473956208791,268.445551011651,269.224018843819,0
600,269.155994358034,273.400694252374,269.167726893392,269.173573434441,0
