Node Name,Mass
CARDS.1,0.001577576
CARDS.10,0.006310304
CARDS.100,9.231111e-05 
CARDS.1000,0.0002051358
CARDS.1001,9.231111e-05 
CARDS.1002,9.231111e-05 
CARDS.1003,0.0001846222
CARDS.1004,0.0003692444
CARDS.1005,0.0003692444
CARDS.1006,0.0003692444
CARDS.1007,0.0003692444
CARDS.1008,0.0003692444
CARDS.1009,0.0003692444
CARDS.101,0.0004102716
CARDS.1010,0.0003692444
CARDS.1011,0.0003692444
CARDS.1012,0.0001846222
CARDS.1013,0.0001846222
CARDS.1014,0.0001846222
CARDS.1015,0.0003692444
CARDS.1016,0.0003692444
CARDS.1017,0.0003692444
CARDS.1018,0.0003692444
CARDS.1019,0.0003692444
CARDS.102,0.0004102716
CARDS.1020,0.0003692444
CARDS.1021,0.0003692444
CARDS.1022,0.0003692444
CARDS.1023,0.0001846222
CARDS.1024,0.0001846222
CARDS.1025,0.0001846222
CARDS.1026,0.0003692444
CARDS.1027,0.0003692444
CARDS.1028,0.0003692444
CARDS.1029,0.0003692444
CARDS.103,0.0004102716
CARDS.1030,0.0003692444
CARDS.1031,0.0003692444
CARDS.1032,0.0003692444
CARDS.1033,0.0003692444
CARDS.1034,0.0001846222
CARDS.1035,0.0001846222
CARDS.1036,0.0001846222
CARDS.1037,0.0003692444
CARDS.1038,0.0003692444
CARDS.1039,0.0003692444
CARDS.104,0.0004102716
CARDS.1040,0.0003692444
CARDS.1041,0.0003692444
CARDS.1042,0.0003692444
CARDS.1043,0.0003692444
CARDS.1044,0.0003692444
CARDS.1045,0.0001846222
CARDS.1046,0.0001846222
CARDS.1047,0.0001846222
CARDS.1048,0.0003692444
CARDS.1049,0.0003692444
CARDS.105,0.0004102716
CARDS.1050,0.0003692444
CARDS.1051,0.0003692444
CARDS.1052,0.0003692444
CARDS.1053,0.0003692444
CARDS.1054,0.0003692444
CARDS.1055,0.0003692444
CARDS.1056,0.0001846222
CARDS.1057,0.0001846222
CARDS.1058,0.0001846222
CARDS.1059,0.0003692444
CARDS.106,0.0002051358
CARDS.1060,0.0003692444
CARDS.1061,0.0003692444
CARDS.1062,0.0001846222
CARDS.1063,0.0001846222
CARDS.1064,0.0001846222
CARDS.107,0.0002051358
CARDS.108,0.0004102716
CARDS.109,0.0004102716
CARDS.11,0.006310304
CARDS.110,0.0004102716
CARDS.111,0.0004102716
CARDS.112,0.0004102716
CARDS.113,0.0004102716
CARDS.114,0.0004102716
CARDS.115,0.0004102716
CARDS.116,0.0002051358
CARDS.117,0.0002051358
CARDS.118,0.0004102716
CARDS.119,0.0004102716
CARDS.12,0.006310304
CARDS.120,0.0004102716
CARDS.121,0.0004102716
CARDS.122,0.0004102716
CARDS.123,0.0004102716
CARDS.124,0.0004102716
CARDS.125,0.0004102716
CARDS.126,0.0002051358
CARDS.127,0.0001025679
CARDS.128,0.0002051358
CARDS.129,0.0002051358
CARDS.13,0.006310304
CARDS.130,0.0002051358
CARDS.131,0.0002051358
CARDS.132,0.0002051358
CARDS.133,0.0002051358
CARDS.134,0.0002051358
CARDS.135,0.0002051358
CARDS.136,0.0001025679
CARDS.137,0.0001025679
CARDS.138,0.0001025679
CARDS.139,0.0001025679
CARDS.14,0.006310304
CARDS.140,0.0001025679
CARDS.141,0.0001025679
CARDS.142,0.0001025679
CARDS.143,0.0001025679
CARDS.144,0.0001025679
CARDS.145,0.0001025679
CARDS.146,0.0001025679
CARDS.147,0.0004102716
CARDS.148,0.0004102716
CARDS.149,0.0001025679
CARDS.15,0.006310304
CARDS.150,0.0001025679
CARDS.151,0.0001025679
CARDS.152,0.0001025679
CARDS.153,0.0001025679
CARDS.154,0.0004102716
CARDS.155,0.0004102716
CARDS.156,0.0004102716
CARDS.157,0.0004102716
CARDS.158,0.0004102716
CARDS.159,0.0002051358
CARDS.16,0.003155152
CARDS.160,0.0002051358
CARDS.161,0.0004102716
CARDS.162,0.0004102716
CARDS.163,0.0002051358
CARDS.164,0.0002051358
CARDS.165,0.0002051358
CARDS.166,0.0002051358
CARDS.167,0.0002051358
CARDS.168,0.0004102716
CARDS.169,0.0004102716
CARDS.17,0.003155152
CARDS.170,0.0004102716
CARDS.171,0.0004102716
CARDS.172,0.0004102716
CARDS.173,0.0004102716
CARDS.174,0.0002051358
CARDS.175,0.0002051358
CARDS.176,0.0004102716
CARDS.177,0.0004102716
CARDS.178,0.0004102716
CARDS.179,0.0004102716
CARDS.18,0.006310304
CARDS.180,0.0004102716
CARDS.181,0.0004102716
CARDS.182,0.0004102716
CARDS.183,0.0004102716
CARDS.184,0.0004102716
CARDS.185,0.0004102716
CARDS.186,0.0004102716
CARDS.187,0.0004102716
CARDS.188,0.0004102716
CARDS.189,0.0002051358
CARDS.19,0.006310304
CARDS.190,0.0001025679
CARDS.191,0.0002051358
CARDS.192,0.0002051358
CARDS.193,0.0004102716
CARDS.194,0.0004102716
CARDS.195,0.0004102716
CARDS.196,0.0004102716
CARDS.197,0.0004102716
CARDS.198,0.0002051358
CARDS.199,0.0002051358
CARDS.2,0.003155152
CARDS.20,0.006310304
CARDS.200,0.0002051358
CARDS.201,0.0002051358
CARDS.202,0.0002051358
CARDS.203,0.0002051358
CARDS.204,0.0001025679
CARDS.205,0.0004102716
CARDS.206,0.0004102716
CARDS.207,0.0004102716
CARDS.208,0.0004102716
CARDS.209,0.0004102716
CARDS.21,0.006310304
CARDS.210,0.0004102716
CARDS.211,0.0004102716
CARDS.212,0.0004102716
CARDS.213,0.0004102716
CARDS.214,0.0004102716
CARDS.215,0.0004102716
CARDS.216,0.0004102716
CARDS.217,0.0004102716
CARDS.218,0.0004102716
CARDS.219,0.0004102716
CARDS.22,0.006310304
CARDS.220,0.0001025679
CARDS.221,0.0001025679
CARDS.222,0.0004102716
CARDS.223,0.0004102716
CARDS.224,0.0004102716
CARDS.225,0.0004102716
CARDS.226,0.0004102716
CARDS.227,0.0004102716
CARDS.228,0.0004102716
CARDS.229,0.0004102716
CARDS.23,0.006310304
CARDS.230,0.0004102716
CARDS.231,0.0004102716
CARDS.232,0.0004102716
CARDS.233,0.0004102716
CARDS.234,0.0004102716
CARDS.235,0.0004102716
CARDS.236,0.0004102716
CARDS.237,0.0002051358
CARDS.238,0.0002051358
CARDS.239,0.0002051358
CARDS.24,0.003155152
CARDS.240,0.0002051358
CARDS.241,0.0002051358
CARDS.242,0.0002051358
CARDS.243,0.0002051358
CARDS.244,0.0002051358
CARDS.245,0.0002051358
CARDS.246,0.0002051358
CARDS.247,0.0002051358
CARDS.248,0.0002051358
CARDS.249,0.0002051358
CARDS.25,0.003155152
CARDS.250,0.0002051358
CARDS.251,0.0002051358
CARDS.252,0.0001025679
CARDS.253,0.0001025679
CARDS.254,0.0004102716
CARDS.255,0.0004102716
CARDS.256,0.0004102716
CARDS.257,0.0004102716
CARDS.258,0.0004102716
CARDS.259,0.0004102716
CARDS.26,0.006310304
CARDS.260,0.0004102716
CARDS.261,0.0004102716
CARDS.262,0.0004102716
CARDS.263,0.0004102716
CARDS.264,0.0004102716
CARDS.265,0.0004102716
CARDS.266,0.0004102716
CARDS.267,0.0004102716
CARDS.268,0.0004102716
CARDS.269,0.0004102716
CARDS.27,0.006310304
CARDS.270,0.0004102716
CARDS.271,0.0004102716
CARDS.272,0.0004102716
CARDS.273,0.0004102716
CARDS.274,0.0004102716
CARDS.275,0.0004102716
CARDS.276,0.0004102716
CARDS.277,0.0004102716
CARDS.278,0.0004102716
CARDS.279,0.0002051358
CARDS.28,0.006310304
CARDS.280,0.0002051358
CARDS.281,0.0004102716
CARDS.282,0.0004102716
CARDS.283,0.0004102716
CARDS.284,0.0004102716
CARDS.285,0.0004102716
CARDS.286,0.0004102716
CARDS.287,0.0004102716
CARDS.288,0.0004102716
CARDS.289,0.0004102716
CARDS.29,0.006310304
CARDS.290,0.0004102716
CARDS.291,0.0004102716
CARDS.292,0.0004102716
CARDS.293,0.0004102716
CARDS.294,0.0004102716
CARDS.295,0.0004102716
CARDS.296,0.0002051358
CARDS.297,0.0002051358
CARDS.298,0.0002051358
CARDS.299,0.0002051358
CARDS.3,0.003155152
CARDS.30,0.006310304
CARDS.300,0.0002051358
CARDS.301,0.0002051358
CARDS.302,0.0002051358
CARDS.303,0.0002051358
CARDS.304,0.0002051358
CARDS.305,0.0002051358
CARDS.306,0.0002051358
CARDS.307,0.0002051358
CARDS.308,0.0002051358
CARDS.309,0.0002051358
CARDS.31,0.006310304
CARDS.310,0.0002051358
CARDS.311,0.0004102716
CARDS.312,0.0004102716
CARDS.313,0.0004102716
CARDS.314,0.0004102716
CARDS.315,0.0004102716
CARDS.316,0.0004102716
CARDS.317,0.0004102716
CARDS.318,0.0004102716
CARDS.319,0.0004102716
CARDS.32,0.003155152
CARDS.320,0.0004102716
CARDS.321,0.0004102716
CARDS.322,0.0004102716
CARDS.323,0.0004102716
CARDS.324,0.0004102716
CARDS.325,0.0004102716
CARDS.326,0.0004102716
CARDS.327,0.0004102716
CARDS.328,0.0004102716
CARDS.329,0.0004102716
CARDS.33,0.003155152
CARDS.330,0.0004102716
CARDS.331,0.0004102716
CARDS.332,0.0004102716
CARDS.333,0.0004102716
CARDS.334,0.0004102716
CARDS.335,0.0004102716
CARDS.336,0.0004102716
CARDS.337,0.0004102716
CARDS.338,0.0004102716
CARDS.339,0.0004102716
CARDS.34,0.006310304
CARDS.340,0.0004102716
CARDS.341,0.0004102716
CARDS.342,0.0004102716
CARDS.343,0.0004102716
CARDS.344,0.0004102716
CARDS.345,0.0004102716
CARDS.346,0.0004102716
CARDS.347,0.0004102716
CARDS.348,0.0004102716
CARDS.349,0.0004102716
CARDS.35,0.006310304
CARDS.350,0.0004102716
CARDS.351,0.0004102716
CARDS.352,0.0004102716
CARDS.353,0.0004102716
CARDS.354,0.0004102716
CARDS.355,0.0002051358
CARDS.356,0.0002051358
CARDS.357,0.0002051358
CARDS.358,0.0002051358
CARDS.359,0.0002051358
CARDS.36,0.006310304
CARDS.360,0.0002051358
CARDS.361,0.0002051358
CARDS.362,0.0002051358
CARDS.363,0.0002051358
CARDS.364,0.0002051358
CARDS.365,0.0002051358
CARDS.366,0.0002051358
CARDS.367,0.0002051358
CARDS.368,0.0002051358
CARDS.369,0.0002051358
CARDS.37,0.006310304
CARDS.370,0.0004102716
CARDS.371,0.0004102716
CARDS.372,0.0004102716
CARDS.373,0.0004102716
CARDS.374,0.0004102716
CARDS.375,0.0004102716
CARDS.376,0.0004102716
CARDS.377,0.0004102716
CARDS.378,0.0004102716
CARDS.379,0.0004102716
CARDS.38,0.006310304
CARDS.380,0.0004102716
CARDS.381,0.0004102716
CARDS.382,0.0004102716
CARDS.383,0.0004102716
CARDS.384,0.0004102716
CARDS.385,0.0004102716
CARDS.386,0.0004102716
CARDS.387,0.0004102716
CARDS.388,0.0004102716
CARDS.389,0.0004102716
CARDS.39,0.006310304
CARDS.390,0.0004102716
CARDS.391,0.0004102716
CARDS.392,0.0004102716
CARDS.393,0.0004102716
CARDS.394,0.0004102716
CARDS.395,0.0004102716
CARDS.396,0.0004102716
CARDS.397,0.0004102716
CARDS.398,0.0004102716
CARDS.399,0.0004102716
CARDS.4,0.003155152
CARDS.40,0.003155152
CARDS.400,0.0004102716
CARDS.401,0.0004102716
CARDS.402,0.0004102716
CARDS.403,0.0004102716
CARDS.404,0.0004102716
CARDS.405,0.0004102716
CARDS.406,0.0004102716
CARDS.407,0.0004102716
CARDS.408,0.0004102716
CARDS.409,0.0004102716
CARDS.41,0.003155152
CARDS.410,0.0004102716
CARDS.411,0.0004102716
CARDS.412,0.0004102716
CARDS.413,0.0004102716
CARDS.414,0.0002051358
CARDS.415,0.0002051358
CARDS.416,0.0002051358
CARDS.417,0.0002051358
CARDS.418,0.0002051358
CARDS.419,0.0002051358
CARDS.42,0.006310304
CARDS.420,0.0002051358
CARDS.421,0.0002051358
CARDS.422,0.0002051358
CARDS.423,0.0002051358
CARDS.424,0.0002051358
CARDS.425,0.0002051358
CARDS.426,0.0002051358
CARDS.427,0.0002051358
CARDS.428,0.0002051358
CARDS.429,0.0004102716
CARDS.43,0.006310304
CARDS.430,0.0004102716
CARDS.431,0.0004102716
CARDS.432,0.0004102716
CARDS.433,0.0004102716
CARDS.434,0.0004102716
CARDS.435,0.0004102716
CARDS.436,0.0004102716
CARDS.437,0.0004102716
CARDS.438,0.0004102716
CARDS.439,0.0004102716
CARDS.44,0.006310304
CARDS.440,0.0004102716
CARDS.441,0.0004102716
CARDS.442,0.0004102716
CARDS.443,0.0004102716
CARDS.444,0.0004102716
CARDS.445,0.0004102716
CARDS.446,0.0004102716
CARDS.447,0.0004102716
CARDS.448,0.0004102716
CARDS.449,0.0004102716
CARDS.45,0.006310304
CARDS.450,0.0004102716
CARDS.451,0.0004102716
CARDS.452,0.0004102716
CARDS.453,0.0004102716
CARDS.454,0.0004102716
CARDS.455,0.0004102716
CARDS.456,0.0004102716
CARDS.457,0.0002051358
CARDS.458,0.0002051358
CARDS.459,0.0004102716
CARDS.46,0.006310304
CARDS.460,0.0004102716
CARDS.461,0.0004102716
CARDS.462,0.0004102716
CARDS.463,0.0004102716
CARDS.464,0.0002051358
CARDS.465,0.0002051358
CARDS.466,0.0002051358
CARDS.467,0.0002051358
CARDS.468,0.0004102716
CARDS.469,0.0004102716
CARDS.47,0.006310304
CARDS.470,0.0004102716
CARDS.471,0.0004102716
CARDS.472,0.0004102716
CARDS.473,0.0004102716
CARDS.474,0.0004102716
CARDS.475,0.0004102716
CARDS.476,0.0004102716
CARDS.477,0.0004102716
CARDS.478,0.0004102716
CARDS.479,0.0004102716
CARDS.48,0.003155152
CARDS.480,0.0004102716
CARDS.481,0.0004102716
CARDS.482,0.0004102716
CARDS.483,0.0004102716
CARDS.484,0.0004102716
CARDS.485,0.0004102716
CARDS.486,0.0004102716
CARDS.487,0.0002051358
CARDS.488,0.0002051358
CARDS.489,0.0002051358
CARDS.49,0.003155152
CARDS.490,0.0002051358
CARDS.491,0.0002051358
CARDS.492,0.0004102716
CARDS.493,0.0004102716
CARDS.494,0.0002051358
CARDS.495,0.0002051358
CARDS.496,0.0002051358
CARDS.497,0.0002051358
CARDS.498,0.0002051358
CARDS.499,0.0004102716
CARDS.5,0.003155152
CARDS.50,0.006310304
CARDS.500,0.0004102716
CARDS.501,0.0002051358
CARDS.502,0.0002051358
CARDS.503,0.0002051358
CARDS.504,0.0002051358
CARDS.505,0.0002051358
CARDS.506,0.0002051358
CARDS.507,0.0004102716
CARDS.508,0.0002051358
CARDS.509,0.0004102716
CARDS.51,0.006310304
CARDS.510,0.0004102716
CARDS.511,0.0004102716
CARDS.512,0.0004102716
CARDS.513,0.0004102716
CARDS.514,0.0004102716
CARDS.515,0.0004102716
CARDS.516,0.0004102716
CARDS.517,0.0004102716
CARDS.518,0.0004102716
CARDS.519,0.0004102716
CARDS.52,0.006310304
CARDS.520,0.0004102716
CARDS.521,0.0004102716
CARDS.522,0.0004102716
CARDS.523,0.0004102716
CARDS.524,0.0004102716
CARDS.525,0.0004102716
CARDS.526,0.0004102716
CARDS.527,0.0004102716
CARDS.528,0.0004102716
CARDS.529,0.0004102716
CARDS.53,0.006310304
CARDS.530,0.0004102716
CARDS.531,0.0004102716
CARDS.532,0.0004102716
CARDS.533,0.0004102716
CARDS.534,0.0004102716
CARDS.535,0.0004102716
CARDS.536,0.0002051358
CARDS.537,0.0002051358
CARDS.538,0.0004102716
CARDS.539,0.0004102716
CARDS.54,0.006310304
CARDS.540,0.0004102716
CARDS.541,0.0004102716
CARDS.542,0.0004102716
CARDS.543,0.0002051358
CARDS.544,0.0002051358
CARDS.545,0.0002051358
CARDS.546,0.0002051358
CARDS.547,0.0004102716
CARDS.548,0.0004102716
CARDS.549,0.0004102716
CARDS.55,0.006310304
CARDS.550,0.0004102716
CARDS.551,0.0004102716
CARDS.552,0.0004102716
CARDS.553,0.0004102716
CARDS.554,0.0004102716
CARDS.555,0.0004102716
CARDS.556,0.0004102716
CARDS.557,0.0004102716
CARDS.558,0.0004102716
CARDS.559,0.0004102716
CARDS.56,0.003155152
CARDS.560,0.0004102716
CARDS.561,0.0004102716
CARDS.562,0.0004102716
CARDS.563,0.0004102716
CARDS.564,0.0004102716
CARDS.565,0.0004102716
CARDS.566,0.0002051358
CARDS.567,0.0002051358
CARDS.568,0.0002051358
CARDS.569,0.0002051358
CARDS.57,0.001577576
CARDS.570,0.0002051358
CARDS.571,0.0004102716
CARDS.572,0.0004102716
CARDS.573,0.0002051358
CARDS.574,0.0002051358
CARDS.575,0.0002051358
CARDS.576,0.0002051358
CARDS.577,0.0002051358
CARDS.578,0.0004102716
CARDS.579,0.0004102716
CARDS.58,0.003155152
CARDS.580,0.0002051358
CARDS.581,0.0002051358
CARDS.582,0.0002051358
CARDS.583,0.0002051358
CARDS.584,0.0002051358
CARDS.585,0.0002051358
CARDS.586,0.0004102716
CARDS.587,0.0002051358
CARDS.588,0.0004102716
CARDS.589,0.0004102716
CARDS.59,0.003155152
CARDS.590,0.0004102716
CARDS.591,0.0004102716
CARDS.592,0.0004102716
CARDS.593,0.0004102716
CARDS.594,0.0004102716
CARDS.595,0.0004102716
CARDS.596,0.0004102716
CARDS.597,0.0004102716
CARDS.598,0.0004102716
CARDS.599,0.0004102716
CARDS.6,0.003155152
CARDS.60,0.003155152
CARDS.600,0.0004102716
CARDS.601,0.0004102716
CARDS.602,0.0004102716
CARDS.603,0.0004102716
CARDS.604,0.0004102716
CARDS.605,0.0004102716
CARDS.606,0.0004102716
CARDS.607,0.0004102716
CARDS.608,0.0004102716
CARDS.609,0.0004102716
CARDS.61,0.003155152
CARDS.610,0.0004102716
CARDS.611,0.0004102716
CARDS.612,0.0004102716
CARDS.613,0.0004102716
CARDS.614,0.0004102716
CARDS.615,0.0002051358
CARDS.616,0.0002051358
CARDS.617,0.0004102716
CARDS.618,0.0004102716
CARDS.619,0.0004102716
CARDS.62,0.003155152
CARDS.620,0.0004102716
CARDS.621,0.0004102716
CARDS.622,0.0002051358
CARDS.623,0.0002051358
CARDS.624,0.0002051358
CARDS.625,0.0002051358
CARDS.626,0.0004102716
CARDS.627,0.0004102716
CARDS.628,0.0004102716
CARDS.629,0.0004102716
CARDS.63,0.003155152
CARDS.630,0.0004102716
CARDS.631,0.0004102716
CARDS.632,0.0004102716
CARDS.633,0.0004102716
CARDS.634,0.0004102716
CARDS.635,0.0004102716
CARDS.636,0.0004102716
CARDS.637,0.0004102716
CARDS.638,0.0004102716
CARDS.639,0.0004102716
CARDS.64,0.001577576
CARDS.640,0.0004102716
CARDS.641,0.0004102716
CARDS.642,0.0004102716
CARDS.643,0.0004102716
CARDS.644,0.0004102716
CARDS.645,0.0002051358
CARDS.646,0.0002051358
CARDS.647,0.0002051358
CARDS.648,0.0002051358
CARDS.649,0.0002051358
CARDS.65,0.0003692444
CARDS.650,0.0004102716
CARDS.651,0.0004102716
CARDS.652,0.0002051358
CARDS.653,0.0002051358
CARDS.654,0.0002051358
CARDS.655,0.0002051358
CARDS.656,0.0002051358
CARDS.657,0.0004102716
CARDS.658,0.0004102716
CARDS.659,0.0002051358
CARDS.66,0.0003692444
CARDS.660,0.0002051358
CARDS.661,0.0002051358
CARDS.662,0.0002051358
CARDS.663,0.0002051358
CARDS.664,0.0002051358
CARDS.665,0.0004102716
CARDS.666,0.0002051358
CARDS.667,0.0004102716
CARDS.668,0.0004102716
CARDS.669,0.0004102716
CARDS.67,0.0003692444
CARDS.670,0.0004102716
CARDS.671,0.0004102716
CARDS.672,0.0004102716
CARDS.673,0.0004102716
CARDS.674,0.0004102716
CARDS.675,0.0004102716
CARDS.676,0.0004102716
CARDS.677,0.0004102716
CARDS.678,0.0004102716
CARDS.679,0.0004102716
CARDS.68,0.0003692444
CARDS.680,0.0004102716
CARDS.681,0.0004102716
CARDS.682,0.0004102716
CARDS.683,0.0004102716
CARDS.684,0.0004102716
CARDS.685,0.0004102716
CARDS.686,0.0004102716
CARDS.687,0.0004102716
CARDS.688,0.0004102716
CARDS.689,0.0004102716
CARDS.69,0.0003692444
CARDS.690,0.0004102716
CARDS.691,0.0004102716
CARDS.692,0.0004102716
CARDS.693,0.0004102716
CARDS.694,0.0002051358
CARDS.695,0.0002051358
CARDS.696,0.0004102716
CARDS.697,0.0004102716
CARDS.698,0.0004102716
CARDS.699,0.0004102716
CARDS.7,0.003155152
CARDS.70,0.0001846222
CARDS.700,0.0004102716
CARDS.701,0.0002051358
CARDS.702,0.0002051358
CARDS.703,0.0002051358
CARDS.704,0.0002051358
CARDS.705,0.0004102716
CARDS.706,0.0004102716
CARDS.707,0.0004102716
CARDS.708,0.0004102716
CARDS.709,0.0004102716
CARDS.71,0.0001846222
CARDS.710,0.0004102716
CARDS.711,0.0004102716
CARDS.712,0.0004102716
CARDS.713,0.0004102716
CARDS.714,0.0004102716
CARDS.715,0.0004102716
CARDS.716,0.0004102716
CARDS.717,0.0004102716
CARDS.718,0.0004102716
CARDS.719,0.0004102716
CARDS.72,0.0003692444
CARDS.720,0.0004102716
CARDS.721,0.0004102716
CARDS.722,0.0004102716
CARDS.723,0.0004102716
CARDS.724,0.0002051358
CARDS.725,0.0002051358
CARDS.726,0.0002051358
CARDS.727,0.0002051358
CARDS.728,0.0002051358
CARDS.729,0.0004102716
CARDS.73,0.0003692444
CARDS.730,0.0004102716
CARDS.731,0.0002051358
CARDS.732,0.0002051358
CARDS.733,0.0002051358
CARDS.734,0.0002051358
CARDS.735,0.0002051358
CARDS.736,0.0004102716
CARDS.737,0.0004102716
CARDS.738,0.0001025679
CARDS.739,0.0001025679
CARDS.74,0.0003692444
CARDS.740,0.0001025679
CARDS.741,0.0001025679
CARDS.742,0.0001025679
CARDS.743,0.0002051358
CARDS.744,0.0004102716
CARDS.745,0.0002051358
CARDS.746,0.0004102716
CARDS.747,0.0002051358
CARDS.748,0.0002051358
CARDS.749,0.0002051358
CARDS.75,0.0003692444
CARDS.750,0.0002051358
CARDS.751,0.0002051358
CARDS.752,0.0004102716
CARDS.753,0.0004102716
CARDS.754,0.0002051358
CARDS.755,0.0002051358
CARDS.756,0.0002051358
CARDS.757,0.0002051358
CARDS.758,0.0002051358
CARDS.759,0.0004102716
CARDS.76,0.0003692444
CARDS.760,0.0004102716
CARDS.761,0.0002051358
CARDS.762,0.0002051358
CARDS.763,0.0002051358
CARDS.764,0.0002051358
CARDS.765,0.0002051358
CARDS.766,0.0004102716
CARDS.767,0.0004102716
CARDS.768,0.0002051358
CARDS.769,0.0002051358
CARDS.77,0.0003692444
CARDS.770,0.0002051358
CARDS.771,0.0002051358
CARDS.772,0.0002051358
CARDS.773,0.0002051358
CARDS.774,0.0002051358
CARDS.775,0.0002051358
CARDS.776,0.0002051358
CARDS.777,0.0002051358
CARDS.778,0.0002051358
CARDS.779,0.0002051358
CARDS.78,0.0003692444
CARDS.780,0.0002051358
CARDS.781,0.0002051358
CARDS.782,0.0002051358
CARDS.783,0.0002051358
CARDS.784,0.0002051358
CARDS.785,0.0002051358
CARDS.786,0.0002051358
CARDS.787,0.0004102716
CARDS.788,0.0004102716
CARDS.789,0.0002051358
CARDS.79,0.0003692444
CARDS.790,0.0002051358
CARDS.791,0.0002051358
CARDS.792,0.0002051358
CARDS.793,0.0002051358
CARDS.794,0.0004102716
CARDS.795,0.0004102716
CARDS.796,0.0002051358
CARDS.797,0.0002051358
CARDS.798,0.0002051358
CARDS.799,0.0002051358
CARDS.8,0.001577576
CARDS.80,0.0001846222
CARDS.800,0.0002051358
CARDS.801,0.0001025679
CARDS.802,0.0004102716
CARDS.803,0.0004102716
CARDS.804,0.0004102716
CARDS.805,0.0004102716
CARDS.806,0.0004102716
CARDS.807,0.0004102716
CARDS.808,0.0004102716
CARDS.809,0.0004102716
CARDS.81,0.0001846222
CARDS.810,0.0002051358
CARDS.811,0.0002051358
CARDS.812,0.0004102716
CARDS.813,0.0004102716
CARDS.814,0.0004102716
CARDS.815,0.0001025679
CARDS.816,0.0004102716
CARDS.817,0.0004102716
CARDS.818,0.0004102716
CARDS.819,0.0004102716
CARDS.82,0.0003692444
CARDS.820,0.0004102716
CARDS.821,0.0002051358
CARDS.822,0.0002051358
CARDS.823,0.0004102716
CARDS.824,0.0004102716
CARDS.825,0.0004102716
CARDS.826,0.0004102716
CARDS.827,0.0004102716
CARDS.828,0.0004102716
CARDS.829,0.0001025679
CARDS.83,0.0003692444
CARDS.830,0.0004102716
CARDS.831,0.0004102716
CARDS.832,0.0002051358
CARDS.833,0.0001025679
CARDS.834,0.0002051358
CARDS.835,0.0002051358
CARDS.836,0.0002051358
CARDS.837,0.0002051358
CARDS.838,0.0002051358
CARDS.839,0.0002051358
CARDS.84,0.0003692444
CARDS.840,0.0002051358
CARDS.841,0.0002051358
CARDS.842,0.0002051358
CARDS.843,0.0004102716
CARDS.844,0.0004102716
CARDS.845,0.0004102716
CARDS.846,0.0004102716
CARDS.847,0.0002051358
CARDS.848,0.0002051358
CARDS.849,0.0004102716
CARDS.85,0.0003692444
CARDS.850,0.0002051358
CARDS.851,0.0004102716
CARDS.852,0.0004102716
CARDS.853,0.0004102716
CARDS.854,0.0004102716
CARDS.855,0.0002051358
CARDS.856,0.0004102716
CARDS.857,0.0004102716
CARDS.858,0.0004102716
CARDS.859,0.0004102716
CARDS.86,0.0003692444
CARDS.860,0.0002051358
CARDS.861,0.0002051358
CARDS.862,0.0004102716
CARDS.863,0.0002051358
CARDS.864,0.0004102716
CARDS.865,0.0004102716
CARDS.866,0.0004102716
CARDS.867,0.0004102716
CARDS.868,0.0002051358
CARDS.869,0.0004102716
CARDS.87,0.0003692444
CARDS.870,0.0004102716
CARDS.871,0.0004102716
CARDS.872,0.0004102716
CARDS.873,0.0002051358
CARDS.874,0.0002051358
CARDS.875,0.0004102716
CARDS.876,0.0002051358
CARDS.877,0.0004102716
CARDS.878,0.0004102716
CARDS.879,0.0004102716
CARDS.88,0.0003692444
CARDS.880,0.0004102716
CARDS.881,0.0002051358
CARDS.882,0.0004102716
CARDS.883,0.0004102716
CARDS.884,0.0004102716
CARDS.885,0.0004102716
CARDS.886,0.0002051358
CARDS.887,0.0002051358
CARDS.888,0.0004102716
CARDS.889,0.0002051358
CARDS.89,0.0003692444
CARDS.890,0.0004102716
CARDS.891,0.0004102716
CARDS.892,0.0004102716
CARDS.893,0.0004102716
CARDS.894,0.0002051358
CARDS.895,0.0004102716
CARDS.896,0.0004102716
CARDS.897,0.0004102716
CARDS.898,0.0004102716
CARDS.899,0.0002051358
CARDS.9,0.003155152
CARDS.90,0.0001846222
CARDS.900,0.0002051358
CARDS.901,0.0001025679
CARDS.902,0.0001025679
CARDS.903,0.0001025679
CARDS.904,0.0002051358
CARDS.905,0.0004102716
CARDS.906,0.0004102716
CARDS.907,0.0004102716
CARDS.908,0.0004102716
CARDS.909,0.0004102716
CARDS.91,9.231111e-05 
CARDS.910,0.0004102716
CARDS.911,0.0004102716
CARDS.912,0.0004102716
CARDS.913,0.0002051358
CARDS.914,0.0002051358
CARDS.915,0.0002051358
CARDS.916,0.0004102716
CARDS.917,0.0004102716
CARDS.918,0.0004102716
CARDS.919,0.0004102716
CARDS.92,0.0001846222
CARDS.920,0.0004102716
CARDS.921,0.0004102716
CARDS.922,0.0004102716
CARDS.923,0.0004102716
CARDS.924,0.0002051358
CARDS.925,0.0002051358
CARDS.926,0.0002051358
CARDS.927,0.0004102716
CARDS.928,0.0004102716
CARDS.929,0.0004102716
CARDS.93,0.0001846222
CARDS.930,0.0004102716
CARDS.931,0.0004102716
CARDS.932,0.0004102716
CARDS.933,0.0004102716
CARDS.934,0.0004102716
CARDS.935,0.0002051358
CARDS.936,0.0002051358
CARDS.937,0.0002051358
CARDS.938,0.0004102716
CARDS.939,0.0004102716
CARDS.94,0.0001846222
CARDS.940,0.0004102716
CARDS.941,0.0004102716
CARDS.942,0.0004102716
CARDS.943,0.0004102716
CARDS.944,0.0004102716
CARDS.945,0.0004102716
CARDS.946,0.0002051358
CARDS.947,0.0002051358
CARDS.948,0.0002051358
CARDS.949,0.0004102716
CARDS.95,0.0001846222
CARDS.950,0.0004102716
CARDS.951,0.0004102716
CARDS.952,0.0004102716
CARDS.953,0.0004102716
CARDS.954,0.0004102716
CARDS.955,0.0004102716
CARDS.956,0.0004102716
CARDS.957,0.0002051358
CARDS.958,0.0002051358
CARDS.959,0.0002051358
CARDS.96,0.0001846222
CARDS.960,0.0004102716
CARDS.961,0.0004102716
CARDS.962,0.0004102716
CARDS.963,0.0004102716
CARDS.964,0.0004102716
CARDS.965,0.0004102716
CARDS.966,0.0004102716
CARDS.967,0.0004102716
CARDS.968,0.0002051358
CARDS.969,0.0002051358
CARDS.97,0.0001846222
CARDS.970,0.0002051358
CARDS.971,0.0004102716
CARDS.972,0.0004102716
CARDS.973,0.0004102716
CARDS.974,0.0004102716
CARDS.975,0.0004102716
CARDS.976,0.0004102716
CARDS.977,0.0004102716
CARDS.978,0.0004102716
CARDS.979,0.0002051358
CARDS.98,0.0001846222
CARDS.980,0.0002051358
CARDS.981,0.0002051358
CARDS.982,0.0004102716
CARDS.983,0.0004102716
CARDS.984,0.0004102716
CARDS.985,0.0004102716
CARDS.986,0.0004102716
CARDS.987,0.0004102716
CARDS.988,0.0004102716
CARDS.989,0.0004102716
CARDS.99,0.0001846222
CARDS.990,0.0002051358
CARDS.991,0.0002051358
CARDS.992,0.0001025679
CARDS.993,0.0002051358
CARDS.994,0.0002051358
CARDS.995,0.0002051358
CARDS.996,0.0002051358
CARDS.997,0.0002051358
CARDS.998,0.0002051358
CARDS.999,0.0002051358
FRAMES.1,0.0003333333
FRAMES.10,0.0003333333
FRAMES.100,0.001333333
FRAMES.101,0.001333333
FRAMES.102,0.001333333
FRAMES.103,0.001333333
FRAMES.104,0.001333333
FRAMES.105,0.001333333
FRAMES.106,0.001333333
FRAMES.107,0.0006666667
FRAMES.108,0.0006666667
FRAMES.109,0.001333333
FRAMES.11,0.0006666667
FRAMES.110,0.001333333
FRAMES.111,0.001333333
FRAMES.112,0.001333333
FRAMES.113,0.001333333
FRAMES.114,0.001333333
FRAMES.115,0.001333333
FRAMES.116,0.001333333
FRAMES.117,0.0006666667
FRAMES.118,0.0006666667
FRAMES.119,0.001333333
FRAMES.12,0.001333333
FRAMES.120,0.001333333
FRAMES.121,0.001333333
FRAMES.122,0.001333333
FRAMES.123,0.001333333
FRAMES.124,0.001333333
FRAMES.125,0.001333333
FRAMES.126,0.001333333
FRAMES.127,0.0006666667
FRAMES.128,0.0003333333
FRAMES.129,0.0006666667
FRAMES.13,0.001333333
FRAMES.130,0.0006666667
FRAMES.131,0.0006666667
FRAMES.132,0.0006666667
FRAMES.133,0.0006666667
FRAMES.134,0.0006666667
FRAMES.135,0.0006666667
FRAMES.136,0.0006666667
FRAMES.137,0.0003333333
FRAMES.138,0.0006666667
FRAMES.139,0.0003333333
FRAMES.14,0.001333333
FRAMES.140,0.0003333333
FRAMES.141,0.0006666667
FRAMES.142,0.0003333333
FRAMES.143,0.0006666667
FRAMES.144,0.0006666667
FRAMES.145,0.001333333
FRAMES.146,0.001333333
FRAMES.147,0.001333333
FRAMES.148,0.001333333
FRAMES.149,0.001333333
FRAMES.15,0.001333333
FRAMES.150,0.001333333
FRAMES.151,0.001333333
FRAMES.152,0.001333333
FRAMES.153,0.001333333
FRAMES.154,0.001333333
FRAMES.155,0.001333333
FRAMES.156,0.001333333
FRAMES.157,0.001333333
FRAMES.158,0.001333333
FRAMES.159,0.001333333
FRAMES.16,0.001333333
FRAMES.160,0.001333333
FRAMES.161,0.0006666667
FRAMES.162,0.0006666667
FRAMES.163,0.0006666667
FRAMES.164,0.0006666667
FRAMES.165,0.001333333
FRAMES.166,0.001333333
FRAMES.167,0.001333333
FRAMES.168,0.001333333
FRAMES.169,0.001333333
FRAMES.17,0.001333333
FRAMES.170,0.001333333
FRAMES.171,0.001333333
FRAMES.172,0.001333333
FRAMES.173,0.001333333
FRAMES.174,0.001333333
FRAMES.175,0.001333333
FRAMES.176,0.001333333
FRAMES.177,0.001333333
FRAMES.178,0.001333333
FRAMES.179,0.001333333
FRAMES.18,0.0003333333
FRAMES.180,0.001333333
FRAMES.181,0.0006666667
FRAMES.182,0.0006666667
FRAMES.183,0.0006666667
FRAMES.184,0.0006666667
FRAMES.185,0.001333333
FRAMES.186,0.001333333
FRAMES.187,0.001333333
FRAMES.188,0.001333333
FRAMES.189,0.001333333
FRAMES.19,0.001333333
FRAMES.190,0.001333333
FRAMES.191,0.001333333
FRAMES.192,0.001333333
FRAMES.193,0.001333333
FRAMES.194,0.001333333
FRAMES.195,0.001333333
FRAMES.196,0.001333333
FRAMES.197,0.001333333
FRAMES.198,0.001333333
FRAMES.199,0.001333333
FRAMES.2,0.0006666667
FRAMES.20,0.0003333333
FRAMES.200,0.001333333
FRAMES.201,0.0006666667
FRAMES.202,0.0006666667
FRAMES.203,0.0003333333
FRAMES.204,0.0003333333
FRAMES.205,0.0006666667
FRAMES.206,0.0006666667
FRAMES.207,0.0006666667
FRAMES.208,0.0006666667
FRAMES.209,0.0006666667
FRAMES.21,0.0006666667
FRAMES.210,0.0006666667
FRAMES.211,0.0006666667
FRAMES.212,0.0006666667
FRAMES.213,0.0006666667
FRAMES.214,0.0006666667
FRAMES.215,0.0006666667
FRAMES.216,0.0006666667
FRAMES.217,0.0006666667
FRAMES.218,0.0006666667
FRAMES.219,0.0006666667
FRAMES.22,0.001333333
FRAMES.220,0.001333333
FRAMES.221,0.0006666667
FRAMES.222,0.0003333333
FRAMES.223,0.001333333
FRAMES.224,0.001333333
FRAMES.225,0.0003333333
FRAMES.226,0.001333333
FRAMES.227,0.0006666667
FRAMES.228,0.0006666667
FRAMES.229,0.001333333
FRAMES.23,0.0003333333
FRAMES.230,0.001333333
FRAMES.231,0.001333333
FRAMES.232,0.001333333
FRAMES.233,0.0006666667
FRAMES.234,0.001333333
FRAMES.235,0.001333333
FRAMES.236,0.001333333
FRAMES.237,0.001333333
FRAMES.238,0.001333333
FRAMES.239,0.0006666667
FRAMES.24,0.001333333
FRAMES.240,0.001333333
FRAMES.241,0.001333333
FRAMES.242,0.001333333
FRAMES.243,0.001333333
FRAMES.244,0.001333333
FRAMES.245,0.001333333
FRAMES.246,0.001333333
FRAMES.247,0.001333333
FRAMES.248,0.001333333
FRAMES.249,0.001333333
FRAMES.25,0.0003333333
FRAMES.250,0.001333333
FRAMES.251,0.001333333
FRAMES.252,0.001333333
FRAMES.253,0.001333333
FRAMES.254,0.0006666667
FRAMES.255,0.001333333
FRAMES.256,0.001333333
FRAMES.257,0.0006666667
FRAMES.258,0.0006666667
FRAMES.259,0.0006666667
FRAMES.26,0.001333333
FRAMES.260,0.0006666667
FRAMES.261,0.0006666667
FRAMES.262,0.0006666667
FRAMES.263,0.0006666667
FRAMES.264,0.0006666667
FRAMES.265,0.001333333
FRAMES.266,0.001333333
FRAMES.267,0.001333333
FRAMES.268,0.001333333
FRAMES.269,0.001333333
FRAMES.27,0.001333333
FRAMES.270,0.001333333
FRAMES.271,0.001333333
FRAMES.272,0.0006666667
FRAMES.273,0.001333333
FRAMES.274,0.001333333
FRAMES.275,0.001333333
FRAMES.276,0.001333333
FRAMES.277,0.001333333
FRAMES.278,0.0006666667
FRAMES.279,0.001333333
FRAMES.28,0.0006666667
FRAMES.280,0.0006666667
FRAMES.281,0.001333333
FRAMES.282,0.001333333
FRAMES.283,0.001333333
FRAMES.284,0.001333333
FRAMES.285,0.001333333
FRAMES.286,0.001333333
FRAMES.287,0.001333333
FRAMES.288,0.001333333
FRAMES.289,0.001333333
FRAMES.29,0.001333333
FRAMES.290,0.0006666667
FRAMES.291,0.001333333
FRAMES.292,0.001333333
FRAMES.293,0.0006666667
FRAMES.294,0.0006666667
FRAMES.295,0.0006666667
FRAMES.296,0.0006666667
FRAMES.297,0.0006666667
FRAMES.298,0.0006666667
FRAMES.299,0.0006666667
FRAMES.3,0.0006666667
FRAMES.30,0.0006666667
FRAMES.300,0.0006666667
FRAMES.301,0.001333333
FRAMES.302,0.001333333
FRAMES.303,0.001333333
FRAMES.304,0.001333333
FRAMES.305,0.001333333
FRAMES.306,0.001333333
FRAMES.307,0.001333333
FRAMES.308,0.0006666667
FRAMES.309,0.001333333
FRAMES.31,0.0006666667
FRAMES.310,0.001333333
FRAMES.311,0.001333333
FRAMES.312,0.001333333
FRAMES.313,0.001333333
FRAMES.314,0.0006666667
FRAMES.315,0.001333333
FRAMES.316,0.0006666667
FRAMES.317,0.001333333
FRAMES.318,0.001333333
FRAMES.319,0.001333333
FRAMES.32,0.001333333
FRAMES.320,0.001333333
FRAMES.321,0.001333333
FRAMES.322,0.001333333
FRAMES.323,0.001333333
FRAMES.324,0.001333333
FRAMES.325,0.001333333
FRAMES.326,0.0006666667
FRAMES.327,0.001333333
FRAMES.328,0.001333333
FRAMES.329,0.0006666667
FRAMES.33,0.001333333
FRAMES.330,0.0006666667
FRAMES.331,0.0006666667
FRAMES.332,0.0006666667
FRAMES.333,0.0006666667
FRAMES.334,0.0006666667
FRAMES.335,0.0006666667
FRAMES.336,0.0006666667
FRAMES.337,0.001333333
FRAMES.338,0.001333333
FRAMES.339,0.001333333
FRAMES.34,0.001333333
FRAMES.340,0.001333333
FRAMES.341,0.001333333
FRAMES.342,0.001333333
FRAMES.343,0.001333333
FRAMES.344,0.0006666667
FRAMES.345,0.001333333
FRAMES.346,0.001333333
FRAMES.347,0.001333333
FRAMES.348,0.001333333
FRAMES.349,0.001333333
FRAMES.35,0.001333333
FRAMES.350,0.0006666667
FRAMES.351,0.001333333
FRAMES.352,0.0006666667
FRAMES.353,0.001333333
FRAMES.354,0.001333333
FRAMES.355,0.001333333
FRAMES.356,0.001333333
FRAMES.357,0.001333333
FRAMES.358,0.001333333
FRAMES.359,0.001333333
FRAMES.36,0.001333333
FRAMES.360,0.001333333
FRAMES.361,0.001333333
FRAMES.362,0.0006666667
FRAMES.363,0.001333333
FRAMES.364,0.001333333
FRAMES.365,0.0006666667
FRAMES.366,0.0006666667
FRAMES.367,0.0006666667
FRAMES.368,0.0006666667
FRAMES.369,0.0006666667
FRAMES.37,0.001333333
FRAMES.370,0.0006666667
FRAMES.371,0.0006666667
FRAMES.372,0.0003333333
FRAMES.373,0.001333333
FRAMES.374,0.001333333
FRAMES.375,0.0006666667
FRAMES.376,0.001333333
FRAMES.377,0.001333333
FRAMES.378,0.0006666667
FRAMES.379,0.001333333
FRAMES.38,0.001333333
FRAMES.380,0.0006666667
FRAMES.381,0.001333333
FRAMES.382,0.0006666667
FRAMES.383,0.001333333
FRAMES.384,0.001333333
FRAMES.385,0.0006666667
FRAMES.386,0.0006666667
FRAMES.387,0.001333333
FRAMES.388,0.0006666667
FRAMES.389,0.001333333
FRAMES.39,0.001333333
FRAMES.390,0.0006666667
FRAMES.391,0.001333333
FRAMES.392,0.001333333
FRAMES.393,0.0006666667
FRAMES.394,0.001333333
FRAMES.395,0.001333333
FRAMES.396,0.0006666667
FRAMES.397,0.001333333
FRAMES.398,0.001333333
FRAMES.399,0.0006666667
FRAMES.4,0.0006666667
FRAMES.40,0.001333333
FRAMES.400,0.0006666667
FRAMES.41,0.0006666667
FRAMES.42,0.001333333
FRAMES.43,0.001333333
FRAMES.44,0.001333333
FRAMES.45,0.001333333
FRAMES.46,0.001333333
FRAMES.47,0.001333333
FRAMES.48,0.001333333
FRAMES.49,0.001333333
FRAMES.5,0.0006666667
FRAMES.50,0.001333333
FRAMES.51,0.0006666667
FRAMES.52,0.001333333
FRAMES.53,0.001333333
FRAMES.54,0.001333333
FRAMES.55,0.001333333
FRAMES.56,0.001333333
FRAMES.57,0.0006666667
FRAMES.58,0.0006666667
FRAMES.59,0.001333333
FRAMES.6,0.0006666667
FRAMES.60,0.001333333
FRAMES.61,0.001333333
FRAMES.62,0.001333333
FRAMES.63,0.001333333
FRAMES.64,0.001333333
FRAMES.65,0.001333333
FRAMES.66,0.001333333
FRAMES.67,0.0006666667
FRAMES.68,0.0006666667
FRAMES.69,0.001333333
FRAMES.7,0.0006666667
FRAMES.70,0.001333333
FRAMES.71,0.001333333
FRAMES.72,0.001333333
FRAMES.73,0.001333333
FRAMES.74,0.001333333
FRAMES.75,0.001333333
FRAMES.76,0.001333333
FRAMES.77,0.0006666667
FRAMES.78,0.0006666667
FRAMES.79,0.001333333
FRAMES.8,0.0006666667
FRAMES.80,0.001333333
FRAMES.81,0.001333333
FRAMES.82,0.001333333
FRAMES.83,0.001333333
FRAMES.84,0.001333333
FRAMES.85,0.001333333
FRAMES.86,0.001333333
FRAMES.87,0.0006666667
FRAMES.88,0.0006666667
FRAMES.89,0.001333333
FRAMES.9,0.0006666667
FRAMES.90,0.001333333
FRAMES.91,0.001333333
FRAMES.92,0.001333333
FRAMES.93,0.001333333
FRAMES.94,0.001333333
FRAMES.95,0.001333333
FRAMES.96,0.001333333
FRAMES.97,0.0006666667
FRAMES.98,0.0006666667
FRAMES.99,0.001333333
SOLAR_CARDS.100,0.0004102716
SOLAR_CARDS.101,0.0004102716
SOLAR_CARDS.102,0.0004102716
SOLAR_CARDS.103,0.0004102716
SOLAR_CARDS.104,0.0004102716
SOLAR_CARDS.105,0.0004102716
SOLAR_CARDS.106,0.0004102716
SOLAR_CARDS.107,0.0002051358
SOLAR_CARDS.108,0.0002051358
SOLAR_CARDS.109,0.0004102716
SOLAR_CARDS.110,0.0004102716
SOLAR_CARDS.111,0.0004102716
SOLAR_CARDS.112,0.0004102716
SOLAR_CARDS.113,0.0004102716
SOLAR_CARDS.114,0.0004102716
SOLAR_CARDS.115,0.0004102716
SOLAR_CARDS.116,0.0004102716
SOLAR_CARDS.117,0.0002051358
SOLAR_CARDS.118,0.0002051358
SOLAR_CARDS.119,0.0004102716
SOLAR_CARDS.120,0.0004102716
SOLAR_CARDS.121,0.0004102716
SOLAR_CARDS.122,0.0004102716
SOLAR_CARDS.123,0.0004102716
SOLAR_CARDS.124,0.0004102716
SOLAR_CARDS.125,0.0004102716
SOLAR_CARDS.126,0.0004102716
SOLAR_CARDS.127,0.0002051358
SOLAR_CARDS.128,0.0001025679
SOLAR_CARDS.129,0.0002051358
SOLAR_CARDS.130,0.0002051358
SOLAR_CARDS.131,0.0002051358
SOLAR_CARDS.132,0.0002051358
SOLAR_CARDS.133,0.0002051358
SOLAR_CARDS.134,0.0002051358
SOLAR_CARDS.135,0.0002051358
SOLAR_CARDS.136,0.0002051358
SOLAR_CARDS.137,0.0001025679
SOLAR_CARDS.140,0.0004102716
SOLAR_CARDS.141,0.0004102716
SOLAR_CARDS.142,0.0004102716
SOLAR_CARDS.144,0.0004102716
SOLAR_CARDS.145,0.0004102716
SOLAR_CARDS.146,0.0004102716
SOLAR_CARDS.148,0.0004102716
SOLAR_CARDS.149,0.0004102716
SOLAR_CARDS.150,0.0004102716
SOLAR_CARDS.152,0.0004102716
SOLAR_CARDS.153,0.0004102716
SOLAR_CARDS.154,0.0004102716
SOLAR_CARDS.156,0.0004102716
SOLAR_CARDS.157,0.0004102716
SOLAR_CARDS.158,0.0004102716
SOLAR_CARDS.160,0.0004102716
SOLAR_CARDS.161,0.0004102716
SOLAR_CARDS.162,0.0004102716
SOLAR_CARDS.164,0.0004102716
SOLAR_CARDS.165,0.0004102716
SOLAR_CARDS.166,0.0004102716
SOLAR_CARDS.168,0.0002051358
SOLAR_CARDS.169,0.0002051358
SOLAR_CARDS.170,0.0002051358
SOLAR_CARDS.172,0.0002051358
SOLAR_CARDS.173,0.0002051358
SOLAR_CARDS.174,0.0002051358
SOLAR_CARDS.176,0.0004102716
SOLAR_CARDS.177,0.0004102716
SOLAR_CARDS.178,0.0004102716
SOLAR_CARDS.18,0.0001025679
SOLAR_CARDS.180,0.0004102716
SOLAR_CARDS.181,0.0004102716
SOLAR_CARDS.182,0.0004102716
SOLAR_CARDS.184,0.0004102716
SOLAR_CARDS.185,0.0004102716
SOLAR_CARDS.186,0.0004102716
SOLAR_CARDS.188,0.0004102716
SOLAR_CARDS.189,0.0004102716
SOLAR_CARDS.190,0.0004102716
SOLAR_CARDS.192,0.0004102716
SOLAR_CARDS.193,0.0004102716
SOLAR_CARDS.194,0.0004102716
SOLAR_CARDS.196,0.0004102716
SOLAR_CARDS.197,0.0004102716
SOLAR_CARDS.198,0.0004102716
SOLAR_CARDS.200,0.0004102716
SOLAR_CARDS.201,0.0004102716
SOLAR_CARDS.202,0.0004102716
SOLAR_CARDS.204,0.0004102716
SOLAR_CARDS.205,0.0004102716
SOLAR_CARDS.206,0.0004102716
SOLAR_CARDS.208,0.0002051358
SOLAR_CARDS.209,0.0002051358
SOLAR_CARDS.210,0.0002051358
SOLAR_CARDS.212,0.0002051358
SOLAR_CARDS.213,0.0002051358
SOLAR_CARDS.214,0.0002051358
SOLAR_CARDS.216,0.0004102716
SOLAR_CARDS.217,0.0004102716
SOLAR_CARDS.218,0.0004102716
SOLAR_CARDS.220,0.0004102716
SOLAR_CARDS.221,0.0004102716
SOLAR_CARDS.222,0.0004102716
SOLAR_CARDS.224,0.0004102716
SOLAR_CARDS.225,0.0004102716
SOLAR_CARDS.226,0.0004102716
SOLAR_CARDS.228,0.0004102716
SOLAR_CARDS.229,0.0004102716
SOLAR_CARDS.23,0.0001025679
SOLAR_CARDS.230,0.0004102716
SOLAR_CARDS.232,0.0004102716
SOLAR_CARDS.233,0.0004102716
SOLAR_CARDS.234,0.0004102716
SOLAR_CARDS.236,0.0004102716
SOLAR_CARDS.237,0.0004102716
SOLAR_CARDS.238,0.0004102716
SOLAR_CARDS.240,0.0004102716
SOLAR_CARDS.241,0.0004102716
SOLAR_CARDS.242,0.0004102716
SOLAR_CARDS.244,0.0004102716
SOLAR_CARDS.245,0.0004102716
SOLAR_CARDS.246,0.0004102716
SOLAR_CARDS.248,0.0002051358
SOLAR_CARDS.249,0.0002051358
SOLAR_CARDS.250,0.0002051358
SOLAR_CARDS.252,0.0001025679
SOLAR_CARDS.253,0.0001025679
SOLAR_CARDS.254,0.0001025679
SOLAR_CARDS.256,0.0002051358
SOLAR_CARDS.257,0.0002051358
SOLAR_CARDS.258,0.0002051358
SOLAR_CARDS.260,0.0002051358
SOLAR_CARDS.261,0.0002051358
SOLAR_CARDS.262,0.0002051358
SOLAR_CARDS.264,0.0002051358
SOLAR_CARDS.265,0.0002051358
SOLAR_CARDS.266,0.0002051358
SOLAR_CARDS.268,0.0002051358
SOLAR_CARDS.269,0.0002051358
SOLAR_CARDS.270,0.0002051358
SOLAR_CARDS.272,0.0002051358
SOLAR_CARDS.273,0.0002051358
SOLAR_CARDS.274,0.0002051358
SOLAR_CARDS.276,0.0002051358
SOLAR_CARDS.277,0.0002051358
SOLAR_CARDS.278,0.0002051358
SOLAR_CARDS.28,0.0002051358
SOLAR_CARDS.280,0.0002051358
SOLAR_CARDS.281,0.0002051358
SOLAR_CARDS.282,0.0002051358
SOLAR_CARDS.284,0.0002051358
SOLAR_CARDS.285,0.0002051358
SOLAR_CARDS.286,0.0002051358
SOLAR_CARDS.288,0.0001025679
SOLAR_CARDS.289,0.0001025679
SOLAR_CARDS.290,0.0001025679
SOLAR_CARDS.291,0.0001025679
SOLAR_CARDS.292,0.0001025679
SOLAR_CARDS.293,0.0001025679
SOLAR_CARDS.294,0.0001025679
SOLAR_CARDS.295,0.0001025679
SOLAR_CARDS.296,0.0001025679
SOLAR_CARDS.297,0.0002051358
SOLAR_CARDS.298,0.0002051358
SOLAR_CARDS.299,0.0002051358
SOLAR_CARDS.300,0.0004102716
SOLAR_CARDS.301,0.0004102716
SOLAR_CARDS.302,0.0004102716
SOLAR_CARDS.303,0.0004102716
SOLAR_CARDS.304,0.0004102716
SOLAR_CARDS.305,0.0004102716
SOLAR_CARDS.306,0.0004102716
SOLAR_CARDS.307,0.0004102716
SOLAR_CARDS.308,0.0004102716
SOLAR_CARDS.309,0.0004102716
SOLAR_CARDS.310,0.0004102716
SOLAR_CARDS.311,0.0004102716
SOLAR_CARDS.312,0.0004102716
SOLAR_CARDS.313,0.0004102716
SOLAR_CARDS.314,0.0004102716
SOLAR_CARDS.316,0.0004102716
SOLAR_CARDS.317,0.0004102716
SOLAR_CARDS.318,0.0004102716
SOLAR_CARDS.320,0.0004102716
SOLAR_CARDS.321,0.0004102716
SOLAR_CARDS.322,0.0004102716
SOLAR_CARDS.324,0.0004102716
SOLAR_CARDS.325,0.0004102716
SOLAR_CARDS.326,0.0004102716
SOLAR_CARDS.328,0.0002051358
SOLAR_CARDS.329,0.0002051358
SOLAR_CARDS.33,0.0004102716
SOLAR_CARDS.330,0.0002051358
SOLAR_CARDS.332,0.0002051358
SOLAR_CARDS.333,0.0002051358
SOLAR_CARDS.334,0.0002051358
SOLAR_CARDS.335,0.0002051358
SOLAR_CARDS.336,0.0002051358
SOLAR_CARDS.337,0.0002051358
SOLAR_CARDS.338,0.0002051358
SOLAR_CARDS.341,0.0004102716
SOLAR_CARDS.342,0.0004102716
SOLAR_CARDS.343,0.0004102716
SOLAR_CARDS.345,0.0004102716
SOLAR_CARDS.346,0.0004102716
SOLAR_CARDS.347,0.0004102716
SOLAR_CARDS.349,0.0004102716
SOLAR_CARDS.350,0.0004102716
SOLAR_CARDS.351,0.0004102716
SOLAR_CARDS.353,0.0004102716
SOLAR_CARDS.354,0.0004102716
SOLAR_CARDS.355,0.0004102716
SOLAR_CARDS.357,0.0002051358
SOLAR_CARDS.358,0.0004102716
SOLAR_CARDS.359,0.0002051358
SOLAR_CARDS.360,0.0004102716
SOLAR_CARDS.361,0.0002051358
SOLAR_CARDS.362,0.0004102716
SOLAR_CARDS.363,0.0002051358
SOLAR_CARDS.366,0.0004102716
SOLAR_CARDS.367,0.0004102716
SOLAR_CARDS.368,0.0004102716
SOLAR_CARDS.370,0.0004102716
SOLAR_CARDS.371,0.0004102716
SOLAR_CARDS.372,0.0004102716
SOLAR_CARDS.374,0.0004102716
SOLAR_CARDS.375,0.0004102716
SOLAR_CARDS.376,0.0004102716
SOLAR_CARDS.378,0.0002051358
SOLAR_CARDS.379,0.0002051358
SOLAR_CARDS.38,0.0004102716
SOLAR_CARDS.380,0.0002051358
SOLAR_CARDS.382,0.0002051358
SOLAR_CARDS.383,0.0002051358
SOLAR_CARDS.384,0.0002051358
SOLAR_CARDS.385,0.0002051358
SOLAR_CARDS.386,0.0002051358
SOLAR_CARDS.387,0.0002051358
SOLAR_CARDS.388,0.0002051358
SOLAR_CARDS.391,0.0004102716
SOLAR_CARDS.392,0.0004102716
SOLAR_CARDS.393,0.0004102716
SOLAR_CARDS.395,0.0004102716
SOLAR_CARDS.396,0.0004102716
SOLAR_CARDS.397,0.0004102716
SOLAR_CARDS.399,0.0004102716
SOLAR_CARDS.400,0.0004102716
SOLAR_CARDS.401,0.0004102716
SOLAR_CARDS.403,0.0004102716
SOLAR_CARDS.404,0.0004102716
SOLAR_CARDS.405,0.0004102716
SOLAR_CARDS.407,0.0002051358
SOLAR_CARDS.408,0.0004102716
SOLAR_CARDS.409,0.0002051358
SOLAR_CARDS.410,0.0004102716
SOLAR_CARDS.411,0.0002051358
SOLAR_CARDS.412,0.0004102716
SOLAR_CARDS.413,0.0002051358
SOLAR_CARDS.416,0.0004102716
SOLAR_CARDS.417,0.0004102716
SOLAR_CARDS.418,0.0004102716
SOLAR_CARDS.420,0.0004102716
SOLAR_CARDS.421,0.0004102716
SOLAR_CARDS.422,0.0004102716
SOLAR_CARDS.424,0.0004102716
SOLAR_CARDS.425,0.0004102716
SOLAR_CARDS.426,0.0004102716
SOLAR_CARDS.428,0.0002051358
SOLAR_CARDS.429,0.0002051358
SOLAR_CARDS.43,0.0004102716
SOLAR_CARDS.430,0.0002051358
SOLAR_CARDS.432,0.0002051358
SOLAR_CARDS.433,0.0002051358
SOLAR_CARDS.434,0.0002051358
SOLAR_CARDS.435,0.0002051358
SOLAR_CARDS.436,0.0002051358
SOLAR_CARDS.437,0.0002051358
SOLAR_CARDS.438,0.0002051358
SOLAR_CARDS.441,0.0004102716
SOLAR_CARDS.442,0.0004102716
SOLAR_CARDS.443,0.0004102716
SOLAR_CARDS.445,0.0004102716
SOLAR_CARDS.446,0.0004102716
SOLAR_CARDS.447,0.0004102716
SOLAR_CARDS.449,0.0004102716
SOLAR_CARDS.450,0.0004102716
SOLAR_CARDS.451,0.0004102716
SOLAR_CARDS.453,0.0004102716
SOLAR_CARDS.454,0.0004102716
SOLAR_CARDS.455,0.0004102716
SOLAR_CARDS.457,0.0002051358
SOLAR_CARDS.458,0.0004102716
SOLAR_CARDS.459,0.0002051358
SOLAR_CARDS.460,0.0004102716
SOLAR_CARDS.461,0.0002051358
SOLAR_CARDS.462,0.0004102716
SOLAR_CARDS.463,0.0002051358
SOLAR_CARDS.466,0.0004102716
SOLAR_CARDS.467,0.0004102716
SOLAR_CARDS.468,0.0004102716
SOLAR_CARDS.470,0.0004102716
SOLAR_CARDS.471,0.0004102716
SOLAR_CARDS.472,0.0004102716
SOLAR_CARDS.474,0.0004102716
SOLAR_CARDS.475,0.0004102716
SOLAR_CARDS.476,0.0004102716
SOLAR_CARDS.478,0.0002051358
SOLAR_CARDS.479,0.0002051358
SOLAR_CARDS.48,0.0004102716
SOLAR_CARDS.480,0.0002051358
SOLAR_CARDS.482,0.0002051358
SOLAR_CARDS.483,0.0002051358
SOLAR_CARDS.484,0.0002051358
SOLAR_CARDS.485,0.0002051358
SOLAR_CARDS.486,0.0002051358
SOLAR_CARDS.487,0.0002051358
SOLAR_CARDS.488,0.0002051358
SOLAR_CARDS.491,0.0004102716
SOLAR_CARDS.492,0.0004102716
SOLAR_CARDS.493,0.0004102716
SOLAR_CARDS.495,0.0004102716
SOLAR_CARDS.496,0.0004102716
SOLAR_CARDS.497,0.0004102716
SOLAR_CARDS.499,0.0004102716
SOLAR_CARDS.500,0.0004102716
SOLAR_CARDS.501,0.0004102716
SOLAR_CARDS.503,0.0004102716
SOLAR_CARDS.504,0.0004102716
SOLAR_CARDS.505,0.0004102716
SOLAR_CARDS.507,0.0002051358
SOLAR_CARDS.508,0.0004102716
SOLAR_CARDS.509,0.0002051358
SOLAR_CARDS.510,0.0004102716
SOLAR_CARDS.511,0.0002051358
SOLAR_CARDS.512,0.0004102716
SOLAR_CARDS.513,0.0002051358
SOLAR_CARDS.516,0.0004102716
SOLAR_CARDS.517,0.0004102716
SOLAR_CARDS.518,0.0004102716
SOLAR_CARDS.520,0.0004102716
SOLAR_CARDS.521,0.0004102716
SOLAR_CARDS.522,0.0004102716
SOLAR_CARDS.524,0.0004102716
SOLAR_CARDS.525,0.0004102716
SOLAR_CARDS.526,0.0004102716
SOLAR_CARDS.528,0.0002051358
SOLAR_CARDS.529,0.0002051358
SOLAR_CARDS.53,0.0004102716
SOLAR_CARDS.530,0.0002051358
SOLAR_CARDS.532,0.0002051358
SOLAR_CARDS.533,0.0002051358
SOLAR_CARDS.534,0.0002051358
SOLAR_CARDS.536,0.0004102716
SOLAR_CARDS.537,0.0004102716
SOLAR_CARDS.538,0.0004102716
SOLAR_CARDS.54,0.0004102716
SOLAR_CARDS.55,0.0004102716
SOLAR_CARDS.56,0.0004102716
SOLAR_CARDS.57,0.0002051358
SOLAR_CARDS.58,0.0002051358
SOLAR_CARDS.59,0.0004102716
SOLAR_CARDS.60,0.0004102716
SOLAR_CARDS.61,0.0004102716
SOLAR_CARDS.62,0.0004102716
SOLAR_CARDS.63,0.0004102716
SOLAR_CARDS.64,0.0004102716
SOLAR_CARDS.65,0.0004102716
SOLAR_CARDS.66,0.0004102716
SOLAR_CARDS.67,0.0002051358
SOLAR_CARDS.68,0.0002051358
SOLAR_CARDS.69,0.0004102716
SOLAR_CARDS.70,0.0004102716
SOLAR_CARDS.71,0.0004102716
SOLAR_CARDS.72,0.0004102716
SOLAR_CARDS.73,0.0004102716
SOLAR_CARDS.74,0.0004102716
SOLAR_CARDS.75,0.0004102716
SOLAR_CARDS.76,0.0004102716
SOLAR_CARDS.77,0.0002051358
SOLAR_CARDS.78,0.0002051358
SOLAR_CARDS.79,0.0004102716
SOLAR_CARDS.80,0.0004102716
SOLAR_CARDS.81,0.0004102716
SOLAR_CARDS.82,0.0004102716
SOLAR_CARDS.83,0.0004102716
SOLAR_CARDS.84,0.0004102716
SOLAR_CARDS.85,0.0004102716
SOLAR_CARDS.86,0.0004102716
SOLAR_CARDS.87,0.0002051358
SOLAR_CARDS.88,0.0002051358
SOLAR_CARDS.89,0.0004102716
SOLAR_CARDS.90,0.0004102716
SOLAR_CARDS.91,0.0004102716
SOLAR_CARDS.92,0.0004102716
SOLAR_CARDS.93,0.0004102716
SOLAR_CARDS.94,0.0004102716
SOLAR_CARDS.95,0.0004102716
SOLAR_CARDS.96,0.0004102716
SOLAR_CARDS.97,0.0002051358
SOLAR_CARDS.98,0.0002051358
SOLAR_CARDS.99,0.0004102716
SOLAR_PANELS.1,4.531852e-05 
SOLAR_PANELS.10,4.531852e-05 
SOLAR_PANELS.100,0.0001812741
SOLAR_PANELS.101,0.0001812741
SOLAR_PANELS.102,0.0001812741
SOLAR_PANELS.103,0.0001812741
SOLAR_PANELS.104,0.0001812741
SOLAR_PANELS.105,0.0001812741
SOLAR_PANELS.106,0.0001812741
SOLAR_PANELS.107,0.0001812741
SOLAR_PANELS.108,0.0001812741
SOLAR_PANELS.109,0.0001812741
SOLAR_PANELS.11,9.063704e-05 
SOLAR_PANELS.110,0.0001812741
SOLAR_PANELS.111,0.0001812741
SOLAR_PANELS.112,0.0001812741
SOLAR_PANELS.113,0.0001812741
SOLAR_PANELS.114,0.0001812741
SOLAR_PANELS.115,0.0001812741
SOLAR_PANELS.116,0.0001812741
SOLAR_PANELS.117,0.0001812741
SOLAR_PANELS.118,9.063704e-05 
SOLAR_PANELS.119,9.063704e-05 
SOLAR_PANELS.12,0.0001812741
SOLAR_PANELS.120,9.063704e-05 
SOLAR_PANELS.121,9.063704e-05 
SOLAR_PANELS.122,9.063704e-05 
SOLAR_PANELS.123,9.063704e-05 
SOLAR_PANELS.124,9.063704e-05 
SOLAR_PANELS.125,9.063704e-05 
SOLAR_PANELS.126,9.063704e-05 
SOLAR_PANELS.127,9.063704e-05 
SOLAR_PANELS.128,9.063704e-05 
SOLAR_PANELS.129,9.063704e-05 
SOLAR_PANELS.13,0.0001812741
SOLAR_PANELS.130,9.063704e-05 
SOLAR_PANELS.131,9.063704e-05 
SOLAR_PANELS.132,9.063704e-05 
SOLAR_PANELS.133,9.063704e-05 
SOLAR_PANELS.134,9.063704e-05 
SOLAR_PANELS.135,9.063704e-05 
SOLAR_PANELS.136,9.063704e-05 
SOLAR_PANELS.137,9.063704e-05 
SOLAR_PANELS.138,9.063704e-05 
SOLAR_PANELS.139,0.0001812741
SOLAR_PANELS.14,0.0001812741
SOLAR_PANELS.140,0.0001812741
SOLAR_PANELS.141,0.0001812741
SOLAR_PANELS.142,0.0001812741
SOLAR_PANELS.143,0.0001812741
SOLAR_PANELS.144,0.0001812741
SOLAR_PANELS.145,0.0001812741
SOLAR_PANELS.146,0.0001812741
SOLAR_PANELS.147,0.0001812741
SOLAR_PANELS.148,0.0001812741
SOLAR_PANELS.149,0.0001812741
SOLAR_PANELS.15,0.0001812741
SOLAR_PANELS.150,0.0001812741
SOLAR_PANELS.151,0.0001812741
SOLAR_PANELS.152,0.0001812741
SOLAR_PANELS.153,0.0001812741
SOLAR_PANELS.154,0.0001812741
SOLAR_PANELS.155,0.0001812741
SOLAR_PANELS.156,0.0001812741
SOLAR_PANELS.157,0.0001812741
SOLAR_PANELS.158,0.0001812741
SOLAR_PANELS.159,0.0001812741
SOLAR_PANELS.16,0.0001812741
SOLAR_PANELS.160,0.0001812741
SOLAR_PANELS.161,0.0001812741
SOLAR_PANELS.162,0.0001812741
SOLAR_PANELS.163,0.0001812741
SOLAR_PANELS.164,0.0001812741
SOLAR_PANELS.165,0.0001812741
SOLAR_PANELS.166,0.0001812741
SOLAR_PANELS.167,0.0001812741
SOLAR_PANELS.168,0.0001812741
SOLAR_PANELS.169,0.0001812741
SOLAR_PANELS.17,0.0001812741
SOLAR_PANELS.170,0.0001812741
SOLAR_PANELS.171,0.0001812741
SOLAR_PANELS.172,0.0001812741
SOLAR_PANELS.173,0.0001812741
SOLAR_PANELS.174,0.0001812741
SOLAR_PANELS.175,0.0001812741
SOLAR_PANELS.176,0.0001812741
SOLAR_PANELS.177,0.0001812741
SOLAR_PANELS.178,0.0001812741
SOLAR_PANELS.179,0.0001812741
SOLAR_PANELS.18,0.0001812741
SOLAR_PANELS.180,0.0001812741
SOLAR_PANELS.181,0.0001812741
SOLAR_PANELS.182,0.0001812741
SOLAR_PANELS.183,0.0001812741
SOLAR_PANELS.184,0.0001812741
SOLAR_PANELS.185,0.0001812741
SOLAR_PANELS.186,0.0001812741
SOLAR_PANELS.187,0.0001812741
SOLAR_PANELS.188,0.0001812741
SOLAR_PANELS.189,0.0001812741
SOLAR_PANELS.19,0.0001812741
SOLAR_PANELS.190,0.0001812741
SOLAR_PANELS.191,0.0001812741
SOLAR_PANELS.192,0.0001812741
SOLAR_PANELS.193,0.0001812741
SOLAR_PANELS.194,0.0001812741
SOLAR_PANELS.195,9.063704e-05 
SOLAR_PANELS.196,9.063704e-05 
SOLAR_PANELS.197,9.063704e-05 
SOLAR_PANELS.198,9.063704e-05 
SOLAR_PANELS.199,9.063704e-05 
SOLAR_PANELS.2,9.063704e-05 
SOLAR_PANELS.20,9.063704e-05 
SOLAR_PANELS.200,9.063704e-05 
SOLAR_PANELS.201,9.063704e-05 
SOLAR_PANELS.202,9.063704e-05 
SOLAR_PANELS.203,9.063704e-05 
SOLAR_PANELS.204,9.063704e-05 
SOLAR_PANELS.205,9.063704e-05 
SOLAR_PANELS.206,9.063704e-05 
SOLAR_PANELS.207,9.063704e-05 
SOLAR_PANELS.208,9.063704e-05 
SOLAR_PANELS.209,4.531852e-05 
SOLAR_PANELS.21,9.063704e-05 
SOLAR_PANELS.210,4.531852e-05 
SOLAR_PANELS.211,4.531852e-05 
SOLAR_PANELS.212,4.531852e-05 
SOLAR_PANELS.213,4.531852e-05 
SOLAR_PANELS.214,4.531852e-05 
SOLAR_PANELS.215,4.531852e-05 
SOLAR_PANELS.216,9.063704e-05 
SOLAR_PANELS.217,9.063704e-05 
SOLAR_PANELS.218,9.063704e-05 
SOLAR_PANELS.219,9.063704e-05 
SOLAR_PANELS.22,0.0001812741
SOLAR_PANELS.220,9.063704e-05 
SOLAR_PANELS.221,9.063704e-05 
SOLAR_PANELS.222,9.063704e-05 
SOLAR_PANELS.223,9.063704e-05 
SOLAR_PANELS.224,9.063704e-05 
SOLAR_PANELS.225,9.063704e-05 
SOLAR_PANELS.226,9.063704e-05 
SOLAR_PANELS.227,9.063704e-05 
SOLAR_PANELS.228,9.063704e-05 
SOLAR_PANELS.229,9.063704e-05 
SOLAR_PANELS.23,0.0001812741
SOLAR_PANELS.230,9.063704e-05 
SOLAR_PANELS.231,9.063704e-05 
SOLAR_PANELS.232,9.063704e-05 
SOLAR_PANELS.233,9.063704e-05 
SOLAR_PANELS.234,9.063704e-05 
SOLAR_PANELS.235,9.063704e-05 
SOLAR_PANELS.236,9.063704e-05 
SOLAR_PANELS.237,9.063704e-05 
SOLAR_PANELS.238,9.063704e-05 
SOLAR_PANELS.239,9.063704e-05 
SOLAR_PANELS.24,0.0001812741
SOLAR_PANELS.240,9.063704e-05 
SOLAR_PANELS.241,9.063704e-05 
SOLAR_PANELS.242,9.063704e-05 
SOLAR_PANELS.243,9.063704e-05 
SOLAR_PANELS.244,9.063704e-05 
SOLAR_PANELS.245,9.063704e-05 
SOLAR_PANELS.246,9.063704e-05 
SOLAR_PANELS.247,9.063704e-05 
SOLAR_PANELS.248,9.063704e-05 
SOLAR_PANELS.249,9.063704e-05 
SOLAR_PANELS.25,0.0001812741
SOLAR_PANELS.250,9.063704e-05 
SOLAR_PANELS.251,9.063704e-05 
SOLAR_PANELS.252,9.063704e-05 
SOLAR_PANELS.253,9.063704e-05 
SOLAR_PANELS.254,9.063704e-05 
SOLAR_PANELS.255,9.063704e-05 
SOLAR_PANELS.256,9.063704e-05 
SOLAR_PANELS.257,9.063704e-05 
SOLAR_PANELS.258,9.063704e-05 
SOLAR_PANELS.259,9.063704e-05 
SOLAR_PANELS.26,0.0001812741
SOLAR_PANELS.260,9.063704e-05 
SOLAR_PANELS.261,9.063704e-05 
SOLAR_PANELS.262,9.063704e-05 
SOLAR_PANELS.263,9.063704e-05 
SOLAR_PANELS.264,9.063704e-05 
SOLAR_PANELS.265,9.063704e-05 
SOLAR_PANELS.266,9.063704e-05 
SOLAR_PANELS.267,9.063704e-05 
SOLAR_PANELS.268,9.063704e-05 
SOLAR_PANELS.269,9.063704e-05 
SOLAR_PANELS.27,0.0001812741
SOLAR_PANELS.270,9.063704e-05 
SOLAR_PANELS.271,9.063704e-05 
SOLAR_PANELS.272,9.063704e-05 
SOLAR_PANELS.273,9.063704e-05 
SOLAR_PANELS.274,9.063704e-05 
SOLAR_PANELS.275,9.063704e-05 
SOLAR_PANELS.276,9.063704e-05 
SOLAR_PANELS.277,9.063704e-05 
SOLAR_PANELS.278,9.063704e-05 
SOLAR_PANELS.279,4.531852e-05 
SOLAR_PANELS.28,0.0001812741
SOLAR_PANELS.280,4.531852e-05 
SOLAR_PANELS.281,4.531852e-05 
SOLAR_PANELS.282,4.531852e-05 
SOLAR_PANELS.283,4.531852e-05 
SOLAR_PANELS.284,4.531852e-05 
SOLAR_PANELS.285,4.531852e-05 
SOLAR_PANELS.286,9.063704e-05 
SOLAR_PANELS.287,9.063704e-05 
SOLAR_PANELS.288,9.063704e-05 
SOLAR_PANELS.289,9.063704e-05 
SOLAR_PANELS.29,0.0001812741
SOLAR_PANELS.290,9.063704e-05 
SOLAR_PANELS.291,9.063704e-05 
SOLAR_PANELS.292,9.063704e-05 
SOLAR_PANELS.293,9.063704e-05 
SOLAR_PANELS.294,9.063704e-05 
SOLAR_PANELS.295,9.063704e-05 
SOLAR_PANELS.296,9.063704e-05 
SOLAR_PANELS.297,9.063704e-05 
SOLAR_PANELS.298,9.063704e-05 
SOLAR_PANELS.299,9.063704e-05 
SOLAR_PANELS.3,9.063704e-05 
SOLAR_PANELS.30,9.063704e-05 
SOLAR_PANELS.300,9.063704e-05 
SOLAR_PANELS.301,9.063704e-05 
SOLAR_PANELS.302,9.063704e-05 
SOLAR_PANELS.303,9.063704e-05 
SOLAR_PANELS.304,9.063704e-05 
SOLAR_PANELS.305,9.063704e-05 
SOLAR_PANELS.306,9.063704e-05 
SOLAR_PANELS.307,9.063704e-05 
SOLAR_PANELS.308,9.063704e-05 
SOLAR_PANELS.309,9.063704e-05 
SOLAR_PANELS.31,4.531852e-05 
SOLAR_PANELS.310,9.063704e-05 
SOLAR_PANELS.311,9.063704e-05 
SOLAR_PANELS.312,9.063704e-05 
SOLAR_PANELS.313,9.063704e-05 
SOLAR_PANELS.314,9.063704e-05 
SOLAR_PANELS.315,9.063704e-05 
SOLAR_PANELS.316,9.063704e-05 
SOLAR_PANELS.317,9.063704e-05 
SOLAR_PANELS.318,9.063704e-05 
SOLAR_PANELS.319,9.063704e-05 
SOLAR_PANELS.32,9.063704e-05 
SOLAR_PANELS.320,9.063704e-05 
SOLAR_PANELS.33,9.063704e-05 
SOLAR_PANELS.34,9.063704e-05 
SOLAR_PANELS.35,9.063704e-05 
SOLAR_PANELS.36,9.063704e-05 
SOLAR_PANELS.37,9.063704e-05 
SOLAR_PANELS.38,9.063704e-05 
SOLAR_PANELS.39,9.063704e-05 
SOLAR_PANELS.4,9.063704e-05 
SOLAR_PANELS.40,4.531852e-05 
SOLAR_PANELS.41,4.531852e-05 
SOLAR_PANELS.42,4.531852e-05 
SOLAR_PANELS.43,4.531852e-05 
SOLAR_PANELS.44,4.531852e-05 
SOLAR_PANELS.45,4.531852e-05 
SOLAR_PANELS.46,4.531852e-05 
SOLAR_PANELS.47,4.531852e-05 
SOLAR_PANELS.48,4.531852e-05 
SOLAR_PANELS.49,4.531852e-05 
SOLAR_PANELS.5,9.063704e-05 
SOLAR_PANELS.50,4.531852e-05 
SOLAR_PANELS.51,4.531852e-05 
SOLAR_PANELS.52,4.531852e-05 
SOLAR_PANELS.53,4.531852e-05 
SOLAR_PANELS.54,4.531852e-05 
SOLAR_PANELS.55,9.063704e-05 
SOLAR_PANELS.56,9.063704e-05 
SOLAR_PANELS.57,9.063704e-05 
SOLAR_PANELS.58,9.063704e-05 
SOLAR_PANELS.59,9.063704e-05 
SOLAR_PANELS.6,9.063704e-05 
SOLAR_PANELS.60,9.063704e-05 
SOLAR_PANELS.61,9.063704e-05 
SOLAR_PANELS.62,0.0001812741
SOLAR_PANELS.63,0.0001812741
SOLAR_PANELS.64,0.0001812741
SOLAR_PANELS.65,0.0001812741
SOLAR_PANELS.66,0.0001812741
SOLAR_PANELS.67,0.0001812741
SOLAR_PANELS.68,0.0001812741
SOLAR_PANELS.69,0.0001812741
SOLAR_PANELS.7,9.063704e-05 
SOLAR_PANELS.70,0.0001812741
SOLAR_PANELS.71,0.0001812741
SOLAR_PANELS.72,0.0001812741
SOLAR_PANELS.73,0.0001812741
SOLAR_PANELS.74,0.0001812741
SOLAR_PANELS.75,0.0001812741
SOLAR_PANELS.76,0.0001812741
SOLAR_PANELS.77,0.0001812741
SOLAR_PANELS.78,0.0001812741
SOLAR_PANELS.79,0.0001812741
SOLAR_PANELS.8,9.063704e-05 
SOLAR_PANELS.80,0.0001812741
SOLAR_PANELS.81,0.0001812741
SOLAR_PANELS.82,0.0001812741
SOLAR_PANELS.83,0.0001812741
SOLAR_PANELS.84,0.0001812741
SOLAR_PANELS.85,0.0001812741
SOLAR_PANELS.86,0.0001812741
SOLAR_PANELS.87,0.0001812741
SOLAR_PANELS.88,0.0001812741
SOLAR_PANELS.89,0.0001812741
SOLAR_PANELS.9,9.063704e-05 
SOLAR_PANELS.90,0.0001812741
SOLAR_PANELS.91,0.0001812741
SOLAR_PANELS.92,0.0001812741
SOLAR_PANELS.93,0.0001812741
SOLAR_PANELS.94,0.0001812741
SOLAR_PANELS.95,0.0001812741
SOLAR_PANELS.96,0.0001812741
SOLAR_PANELS.97,0.0001812741
SOLAR_PANELS.98,0.0001812741
SOLAR_PANELS.99,0.0001812741
